gallery,order,filename,size_px,bytes,source_url
home,4,004-71f7ddc2c80b2d17c9bc0867899e56ec.jpg,orig,1509955,https://static-cdn4-2.vigbo.tech/u169129/128930/blog/6454522/6155911/section/71f7ddc2c80b2d17c9bc0867899e56ec.jpg
home,2,002-a0d236635cdd0ae95824104482ae1c96.jpg,orig,1226045,https://static-cdn4-2.vigbo.tech/u169129/128930/blog/6454522/6155911/section/a0d236635cdd0ae95824104482ae1c96.jpg
home,5,005-9bacde704a0b96106d8d91983998ec6e.jpg,orig,923603,https://static-cdn4-2.vigbo.tech/u169129/128930/blog/6454522/6155911/section/9bacde704a0b96106d8d91983998ec6e.jpg
home,6,006-bf28cd59b5e36bff2c37efc49ab6626f.jpg,orig,3177612,https://static-cdn4-2.vigbo.tech/u169129/128930/blog/6454522/6155910/section/bf28cd59b5e36bff2c37efc49ab6626f.jpg
home,10,010-0ee7720c498c0bfff08ee3458ece8471.jpg,orig,251210,https://static-cdn4-2.vigbo.tech/u169129/128930/blog/6454522/6155911/section/0ee7720c498c0bfff08ee3458ece8471.jpg
home,8,008-c3a449808059df5be5a3f5d153310d1e.jpg,orig,2796545,https://static-cdn4-2.vigbo.tech/u169129/128930/blog/6454522/6155911/section/c3a449808059df5be5a3f5d153310d1e.jpg
home,9,009-dcfaa961208d58e1be6419356170f1f2.jpg,orig,1373620,https://static-cdn4-2.vigbo.tech/u169129/128930/blog/6454522/6155911/section/dcfaa961208d58e1be6419356170f1f2.jpg
home,3,003-387fdce25a624d45e894fef5782f33e6.jpg,orig,5287905,https://static-cdn4-2.vigbo.tech/u169129/128930/blog/6454522/6155911/section/387fdce25a624d45e894fef5782f33e6.jpg
home,11,011-f9dc2d15a6d0dce0ae742c7473e01154.jpg,orig,3970238,https://static-cdn4-2.vigbo.tech/u169129/128930/blog/6454522/6155910/section/f9dc2d15a6d0dce0ae742c7473e01154.jpg
home,1,001-5e69b88fe22c13245f5bf248caef339c.jpg,orig,4184902,https://static-cdn4-2.vigbo.tech/u169129/128930/blog/6454522/6155911/section/5e69b88fe22c13245f5bf248caef339c.jpg
home,12,012-syrga_dif-659efbdfd6513ad4c2bb6c7581ddc72a.jpg,2000,683874,https://static-cdn4-2.vigbo.tech/u169129/128930/blog/6454522/6155910/84402846/2000-syrga_dif-659efbdfd6513ad4c2bb6c7581ddc72a.jpg
home,15,015-syrga_dif-7c4b86b9d8f0c8490ec7d9dbaa31d8ae.jpg,2000,1181880,https://static-cdn4-2.vigbo.tech/u169129/128930/blog/6454522/6155910/84402846/2000-syrga_dif-7c4b86b9d8f0c8490ec7d9dbaa31d8ae.jpg
home,16,016-syrga_dif-4354eba2c166792d9e1aac1f5e16cde8.jpg,2000,5398148,https://static-cdn4-2.vigbo.tech/u169129/128930/blog/6454522/6155910/84402846/2000-syrga_dif-4354eba2c166792d9e1aac1f5e16cde8.jpg
home,14,014-syrga_dif-22877d0ec381def6e79e6bab0b0e2f64.jpg,2000,1441882,https://static-cdn4-2.vigbo.tech/u169129/128930/blog/6454522/6155910/84402846/2000-syrga_dif-22877d0ec381def6e79e6bab0b0e2f64.jpg
home,17,017-syrga_dif-dde5b837126724a4c5236ca1c0a00d98.jpg,2000,1982242,https://static-cdn4-2.vigbo.tech/u169129/128930/blog/6454522/6155910/84402846/2000-syrga_dif-dde5b837126724a4c5236ca1c0a00d98.jpg
home,7,007-3135066ff7fb2e7acb71f17c58918a33.jpg,orig,4839316,https://static-cdn4-2.vigbo.tech/u169129/128930/blog/6454522/6155911/section/3135066ff7fb2e7acb71f17c58918a33.jpg
home,20,020-syrga_dif-2b27711b2ca551263316f85a6aacc42f.jpg,2000,4275706,https://static-cdn4-2.vigbo.tech/u169129/128930/blog/6454522/6155910/84402846/2000-syrga_dif-2b27711b2ca551263316f85a6aacc42f.jpg
home,18,018-syrga_dif-7f35541b5c5a9fdf398625f802aab5e1.jpg,2000,1703622,https://static-cdn4-2.vigbo.tech/u169129/128930/blog/6454522/6155910/84402846/2000-syrga_dif-7f35541b5c5a9fdf398625f802aab5e1.jpg
home,13,013-syrga_dif-2578cd291aadb357ef8efecfd494b41d.jpg,2000,942995,https://static-cdn4-2.vigbo.tech/u169129/128930/blog/6454522/6155910/84402846/2000-syrga_dif-2578cd291aadb357ef8efecfd494b41d.jpg
home,24,024-syrga_dif-d784a0ea16baadf876060e7b97575331.jpg,2000,966886,https://static-cdn4-2.vigbo.tech/u169129/128930/blog/6454522/6155910/84402846/2000-syrga_dif-d784a0ea16baadf876060e7b97575331.jpg
home,21,021-syrga_dif-715e9cfb3db406687cca88d19af4c5d3.jpg,2000,546033,https://static-cdn4-2.vigbo.tech/u169129/128930/blog/6454522/6155910/84402846/2000-syrga_dif-715e9cfb3db406687cca88d19af4c5d3.jpg
home,23,023-syrga_dif-e100f68dbdfb5a5baa192dbb7f06c37a.jpg,2000,1226045,https://static-cdn4-2.vigbo.tech/u169129/128930/blog/6454522/6155910/84402846/2000-syrga_dif-e100f68dbdfb5a5baa192dbb7f06c37a.jpg
home,22,022-syrga_dif-402fc863fcd13a1e5b3b86e08f637c11.jpg,2000,2145173,https://static-cdn4-2.vigbo.tech/u169129/128930/blog/6454522/6155910/84402846/2000-syrga_dif-402fc863fcd13a1e5b3b86e08f637c11.jpg
home,19,019-syrga_dif-878ff82bcbaaa567ddfa732a3afd553b.jpg,2000,2587657,https://static-cdn4-2.vigbo.tech/u169129/128930/blog/6454522/6155910/84402846/2000-syrga_dif-878ff82bcbaaa567ddfa732a3afd553b.jpg
home,26,026-syrga_dif-6fa82fc86bc946aa45469f18bb33f7d2.jpg,2000,437055,https://static-cdn4-2.vigbo.tech/u169129/128930/blog/6454522/6155910/84402846/2000-syrga_dif-6fa82fc86bc946aa45469f18bb33f7d2.jpg
home,28,028-syrga_dif-e83e818e0e65618d09c1b4849484bc5e.jpg,2000,777660,https://static-cdn4-2.vigbo.tech/u169129/128930/blog/6454522/6155910/84402846/2000-syrga_dif-e83e818e0e65618d09c1b4849484bc5e.jpg
home,27,027-syrga_dif-60153d0b4c6eb331e1b8714f571ae906.jpg,2000,3986869,https://static-cdn4-2.vigbo.tech/u169129/128930/blog/6454522/6155910/84402846/2000-syrga_dif-60153d0b4c6eb331e1b8714f571ae906.jpg
home,25,025-syrga_dif-e09533761619e59220803fd3df0e0cc9.jpg,2000,3929199,https://static-cdn4-2.vigbo.tech/u169129/128930/blog/6454522/6155910/84402846/2000-syrga_dif-e09533761619e59220803fd3df0e0cc9.jpg
home,29,029-syrga_dif-21c07391447a0780808cf81a58c79155.jpg,2000,2630144,https://static-cdn4-2.vigbo.tech/u169129/128930/blog/6454522/6155910/84402846/2000-syrga_dif-21c07391447a0780808cf81a58c79155.jpg
home,30,030-syrga_dif-54d819ffcd5891735a8d69022ebc6f2e.jpg,2000,1837733,https://static-cdn4-2.vigbo.tech/u169129/128930/blog/6454522/6155910/84402846/2000-syrga_dif-54d819ffcd5891735a8d69022ebc6f2e.jpg
home,31,031-syrga_dif-180347d2a416aabb8ba378ff4a5fad11.jpg,2000,2599441,https://static-cdn4-2.vigbo.tech/u169129/128930/blog/6454522/6155910/84402846/2000-syrga_dif-180347d2a416aabb8ba378ff4a5fad11.jpg
home,33,033-syrga_dif-9cf0168d12491fb4b0c00e5a8173b9bc.jpg,2000,2418863,https://static-cdn4-2.vigbo.tech/u169129/128930/blog/6454522/6155910/84402708/2000-syrga_dif-9cf0168d12491fb4b0c00e5a8173b9bc.jpg
home,32,032-syrga_dif-b55498db741862dd397399d1b0d988b7.jpg,2000,5947032,https://static-cdn4-2.vigbo.tech/u169129/128930/blog/6454522/6155910/84402708/2000-syrga_dif-b55498db741862dd397399d1b0d988b7.jpg
home,34,034-syrga_dif-e658322bc42deda71a37d62a28fefca4.jpg,2000,5535171,https://static-cdn4-2.vigbo.tech/u169129/128930/blog/6454522/6155910/84402708/2000-syrga_dif-e658322bc42deda71a37d62a28fefca4.jpg
about,1,001-c381e9b6c863f1e478141756e27e7540.JPG,orig,2962532,https://static-cdn4-2.vigbo.tech/u169129/128930/blog/6454524/6155915/section/c381e9b6c863f1e478141756e27e7540.JPG
home,36,036-syrga_dif-bcb738afe31542a82f7831c187697d56.jpg,2000,3235657,https://static-cdn4-2.vigbo.tech/u169129/128930/blog/6454522/6155910/84402708/2000-syrga_dif-bcb738afe31542a82f7831c187697d56.jpg
home,37,037-syrga_dif-bb42f0103d3cb281d44dc897e2d3a555.jpg,2000,2544625,https://static-cdn4-2.vigbo.tech/u169129/128930/blog/6454522/6155910/81004925/2000-syrga_dif-bb42f0103d3cb281d44dc897e2d3a555.jpg
home,39,039-syrga_dif-ec06a5c6851c26004b5f2b463c19b155.jpg,2000,2377544,https://static-cdn4-2.vigbo.tech/u169129/128930/blog/6454522/6155910/90435052/2000-syrga_dif-ec06a5c6851c26004b5f2b463c19b155.jpg
about,3,003-syrga_dif-0bb790405466135c70522b8a57bbd072.jpg,2000,340366,https://static-cdn4-2.vigbo.tech/u169129/128930/blog/6454524/6155914/80923553/2000-syrga_dif-0bb790405466135c70522b8a57bbd072.jpg
about,2,002-8399ff079491e34d08384e28b2d69edd.jpg,2000,3769118,https://static-cdn4-2.vigbo.tech/u169129/128930/blog/6454524/6155914/80923553/2000-8399ff079491e34d08384e28b2d69edd.jpg
about,4,004-syrga_dif-0bdbc8b213ddd4aedc288d6dcce49d40.jpg,2000,1527607,https://static-cdn4-2.vigbo.tech/u169129/128930/blog/6454524/6155914/80923553/2000-syrga_dif-0bdbc8b213ddd4aedc288d6dcce49d40.jpg
home,38,038-syrga_dif-cf81655b77d147efc9ca5ec1430daed3.jpg,2000,3802177,https://static-cdn4-2.vigbo.tech/u169129/128930/blog/6454522/6155910/90435051/2000-syrga_dif-cf81655b77d147efc9ca5ec1430daed3.jpg
home,35,035-syrga_dif-4ea625bc45c24343050e99676118c7cc.jpg,2000,2992305,https://static-cdn4-2.vigbo.tech/u169129/128930/blog/6454522/6155910/84402708/2000-syrga_dif-4ea625bc45c24343050e99676118c7cc.jpg
about,5,005-253117d46adbcdc963defe14e1063e97.jpg,2000,1847032,https://static-cdn4-2.vigbo.tech/u169129/128930/blog/6454524/6155914/80923553/2000-253117d46adbcdc963defe14e1063e97.jpg
about,6,006-180ef6ee965fc0cc11a7e27a8db7b222.jpg,2000,2866126,https://static-cdn4-2.vigbo.tech/u169129/128930/blog/6454524/6155914/80986895/2000-180ef6ee965fc0cc11a7e27a8db7b222.jpg
about,7,007-e345e8da7ac991be0d4c0bd583ba5efe.png,2000,24378,https://static-cdn4-2.vigbo.tech/u169129/128930/blog/6454524/6155914/80923550/2000-e345e8da7ac991be0d4c0bd583ba5efe.png
contacts,1,001-afd292c23e3ec015f4894775f766d663.jpg,orig,2860553,https://static-cdn4-2.vigbo.tech/u169129/128930/blog/6454523/6155913/section/afd292c23e3ec015f4894775f766d663.jpg
contacts,2,002-b9de1757c76dab1b35091e9b27cd1afc.jpg,orig,4229401,https://static-cdn4-2.vigbo.tech/u169129/128930/blog/6454523/6155913/section/b9de1757c76dab1b35091e9b27cd1afc.jpg
faq,1,001-c3645d1b558e5d4001ac4e88cc64289d.jpg,orig,3478910,https://static-cdn4-2.vigbo.tech/u169129/128930/blog/6454532/6155928/section/c3645d1b558e5d4001ac4e88cc64289d.jpg
contacts,3,003-8927117156c7ee2b221878437fa7e2a1.jpg,orig,2084731,https://static-cdn4-2.vigbo.tech/u169129/128930/blog/6454523/6155913/section/8927117156c7ee2b221878437fa7e2a1.jpg
weddings,1,001-0330c3bf56d487ef06b4e1b5d802e369.jpg,orig,5310107,https://static-cdn4-2.vigbo.tech/u169129/128930/blog/6454521/6155909/section/0330c3bf56d487ef06b4e1b5d802e369.jpg
lorene-eamonn,1,001-db257c8ba01338364506112b61896acd.jpg,orig,4531790,https://static-cdn4-2.vigbo.tech/u169129/128930/blog/8053832/8059954/section/db257c8ba01338364506112b61896acd.jpg
faq,2,002-syrga_dif-d065cf3d41c276393691e19a15433766.jpg,2000,2248467,https://static-cdn4-2.vigbo.tech/u169129/128930/blog/6454532/6155927/90436236/2000-syrga_dif-d065cf3d41c276393691e19a15433766.jpg
lorene-eamonn,2,002-syrga_dif-bbb854eb9495bd1b4c115e5e69a6767e.jpg,2000,5423921,https://static-cdn4-2.vigbo.tech/u169129/128930/blog/8053832/8059952/104906800/2000-syrga_dif-bbb854eb9495bd1b4c115e5e69a6767e.jpg
lorene-eamonn,3,003-syrga_dif-76a48f92cf9dfdae27c4c0fb4604337c.jpg,2000,2614812,https://static-cdn4-2.vigbo.tech/u169129/128930/blog/8053832/8059952/104906800/2000-syrga_dif-76a48f92cf9dfdae27c4c0fb4604337c.jpg
voyages,1,001-syrga_dif-11c8d59d61fd9ed89dc9508ca77d6068.jpg,2000,4529704,https://static-cdn4-2.vigbo.tech/u169129/128930/blog/6972157/6851051/100807726/2000-syrga_dif-11c8d59d61fd9ed89dc9508ca77d6068.jpg
lorene-eamonn,6,006-syrga_dif-bc488b32a0a3741fde2f7dba087752f0.jpg,2000,3468130,https://static-cdn4-2.vigbo.tech/u169129/128930/blog/8053832/8059952/104906800/2000-syrga_dif-bc488b32a0a3741fde2f7dba087752f0.jpg
lorene-eamonn,4,004-syrga_dif-26b4baf6d3be8f88bbc843c6fc5b7f19.jpg,2000,2355096,https://static-cdn4-2.vigbo.tech/u169129/128930/blog/8053832/8059952/104906800/2000-syrga_dif-26b4baf6d3be8f88bbc843c6fc5b7f19.jpg
lorene-eamonn,9,009-syrga_dif-438c647fb7762f179e1faaea6be7afb3.jpg,2000,2597204,https://static-cdn4-2.vigbo.tech/u169129/128930/blog/8053832/8059952/104906800/2000-syrga_dif-438c647fb7762f179e1faaea6be7afb3.jpg
lorene-eamonn,8,008-syrga_dif-da3d27924d3a3eb87a49594c0d3e98e2.jpg,2000,3205296,https://static-cdn4-2.vigbo.tech/u169129/128930/blog/8053832/8059952/104906800/2000-syrga_dif-da3d27924d3a3eb87a49594c0d3e98e2.jpg
lorene-eamonn,5,005-syrga_dif-0a5972ff723500a76a0c83fa602f3f02.jpg,2000,1874958,https://static-cdn4-2.vigbo.tech/u169129/128930/blog/8053832/8059952/104906800/2000-syrga_dif-0a5972ff723500a76a0c83fa602f3f02.jpg
lorene-eamonn,7,007-syrga_dif-9562325d940b6aadcfe8afbfed920554.jpg,2000,2438195,https://static-cdn4-2.vigbo.tech/u169129/128930/blog/8053832/8059952/104906800/2000-syrga_dif-9562325d940b6aadcfe8afbfed920554.jpg
lorene-eamonn,11,011-syrga_dif-40b92fac513e9b5e2ac41a987e2a4664.jpg,2000,3972390,https://static-cdn4-2.vigbo.tech/u169129/128930/blog/8053832/8059952/104906800/2000-syrga_dif-40b92fac513e9b5e2ac41a987e2a4664.jpg
lorene-eamonn,10,010-syrga_dif-7584a3d6df58aef38a29fa8f4c6c8d24.jpg,2000,3745423,https://static-cdn4-2.vigbo.tech/u169129/128930/blog/8053832/8059952/104906800/2000-syrga_dif-7584a3d6df58aef38a29fa8f4c6c8d24.jpg
lorene-eamonn,13,013-syrga_dif-8b635c9528b42aba58880155b777679c.jpg,2000,2602796,https://static-cdn4-2.vigbo.tech/u169129/128930/blog/8053832/8059952/104906800/2000-syrga_dif-8b635c9528b42aba58880155b777679c.jpg
lorene-eamonn,12,012-syrga_dif-013f37988c5fe535a913bb604a5a9fb3.jpg,2000,3037897,https://static-cdn4-2.vigbo.tech/u169129/128930/blog/8053832/8059952/104906800/2000-syrga_dif-013f37988c5fe535a913bb604a5a9fb3.jpg
lorene-eamonn,14,014-syrga_dif-5f618c85574c564850c0623f5d66d527.jpg,2000,3375110,https://static-cdn4-2.vigbo.tech/u169129/128930/blog/8053832/8059952/104906800/2000-syrga_dif-5f618c85574c564850c0623f5d66d527.jpg
lorene-eamonn,15,015-syrga_dif-82c6d2c2d1e5f2e34adfe958b782a28f.jpg,2000,3305518,https://static-cdn4-2.vigbo.tech/u169129/128930/blog/8053832/8059952/104906800/2000-syrga_dif-82c6d2c2d1e5f2e34adfe958b782a28f.jpg
lorene-eamonn,16,016-syrga_dif-86440437d595189bf5694003a18ba0af.jpg,2000,4692338,https://static-cdn4-2.vigbo.tech/u169129/128930/blog/8053832/8059952/104906800/2000-syrga_dif-86440437d595189bf5694003a18ba0af.jpg
lorene-eamonn,17,017-syrga_dif-250fee3ddf2392cd89a11e7bfff9da0c.jpg,2000,2741657,https://static-cdn4-2.vigbo.tech/u169129/128930/blog/8053832/8059952/104906800/2000-syrga_dif-250fee3ddf2392cd89a11e7bfff9da0c.jpg
lorene-eamonn,19,019-syrga_dif-032a9589975ed5deea95ec8e488d86f2.jpg,2000,2862585,https://static-cdn4-2.vigbo.tech/u169129/128930/blog/8053832/8059952/104906800/2000-syrga_dif-032a9589975ed5deea95ec8e488d86f2.jpg
lorene-eamonn,18,018-syrga_dif-14a3c68b6e17521e3501467c3c6bf6ac.jpg,2000,2969745,https://static-cdn4-2.vigbo.tech/u169129/128930/blog/8053832/8059952/104906800/2000-syrga_dif-14a3c68b6e17521e3501467c3c6bf6ac.jpg
lorene-eamonn,20,020-syrga_dif-bb03a91f936481e9cf400f022a8c7a06.jpg,2000,3205570,https://static-cdn4-2.vigbo.tech/u169129/128930/blog/8053832/8059952/104906800/2000-syrga_dif-bb03a91f936481e9cf400f022a8c7a06.jpg
lorene-eamonn,21,021-syrga_dif-6ad887253c587f090451240e2001df54.jpg,2000,1396328,https://static-cdn4-2.vigbo.tech/u169129/128930/blog/8053832/8059952/104906800/2000-syrga_dif-6ad887253c587f090451240e2001df54.jpg
lorene-eamonn,23,023-syrga_dif-b95a46a9f18d081399474b8986c45ef7.jpg,2000,2805273,https://static-cdn4-2.vigbo.tech/u169129/128930/blog/8053832/8059952/104906800/2000-syrga_dif-b95a46a9f18d081399474b8986c45ef7.jpg
lorene-eamonn,24,024-syrga_dif-ea7201fa0ef5d383231556f896750bf4.jpg,2000,2026844,https://static-cdn4-2.vigbo.tech/u169129/128930/blog/8053832/8059952/104906800/2000-syrga_dif-ea7201fa0ef5d383231556f896750bf4.jpg
lorene-eamonn,22,022-syrga_dif-80d6c985a7abf692c0789187053073f4.jpg,2000,3710638,https://static-cdn4-2.vigbo.tech/u169129/128930/blog/8053832/8059952/104906800/2000-syrga_dif-80d6c985a7abf692c0789187053073f4.jpg
lorene-eamonn,25,025-syrga_dif-a4ad86f13a4f36c66d3c25e3b556e2ce.jpg,2000,4239811,https://static-cdn4-2.vigbo.tech/u169129/128930/blog/8053832/8059952/104906800/2000-syrga_dif-a4ad86f13a4f36c66d3c25e3b556e2ce.jpg
lorene-eamonn,28,028-syrga_dif-2ef1ba56b3a4aed44b396c2ae0acc136.jpg,2000,2869574,https://static-cdn4-2.vigbo.tech/u169129/128930/blog/8053832/8059952/104906800/2000-syrga_dif-2ef1ba56b3a4aed44b396c2ae0acc136.jpg
lorene-eamonn,26,026-syrga_dif-c2cc720f3d16210bb9d7e4354cd37731.jpg,2000,3302850,https://static-cdn4-2.vigbo.tech/u169129/128930/blog/8053832/8059952/104906800/2000-syrga_dif-c2cc720f3d16210bb9d7e4354cd37731.jpg
lorene-eamonn,30,030-syrga_dif-dada82052f085cbb01a576ea61a487f6.jpg,2000,3714641,https://static-cdn4-2.vigbo.tech/u169129/128930/blog/8053832/8059952/104906800/2000-syrga_dif-dada82052f085cbb01a576ea61a487f6.jpg
lorene-eamonn,31,031-syrga_dif-0a784e87a19ee446ef13c0a1f08046e0.jpg,2000,2731828,https://static-cdn4-2.vigbo.tech/u169129/128930/blog/8053832/8059952/104906800/2000-syrga_dif-0a784e87a19ee446ef13c0a1f08046e0.jpg
lorene-eamonn,27,027-syrga_dif-c42c5091a7745792478491788a391bb6.jpg,2000,3728134,https://static-cdn4-2.vigbo.tech/u169129/128930/blog/8053832/8059952/104906800/2000-syrga_dif-c42c5091a7745792478491788a391bb6.jpg
lorene-eamonn,32,032-syrga_dif-a627ff1e2ea257cb8620bdcaf0627599.jpg,2000,2877827,https://static-cdn4-2.vigbo.tech/u169129/128930/blog/8053832/8059952/104906800/2000-syrga_dif-a627ff1e2ea257cb8620bdcaf0627599.jpg
lorene-eamonn,29,029-syrga_dif-412ed2c2c320474b14e8db1f7b6db0bc.jpg,2000,4367068,https://static-cdn4-2.vigbo.tech/u169129/128930/blog/8053832/8059952/104906800/2000-syrga_dif-412ed2c2c320474b14e8db1f7b6db0bc.jpg
lorene-eamonn,38,038-syrga_dif-77a2bd5cf336106ed3ea6cb60b4b4da0.jpg,2000,3444964,https://static-cdn4-2.vigbo.tech/u169129/128930/blog/8053832/8059952/104906800/2000-syrga_dif-77a2bd5cf336106ed3ea6cb60b4b4da0.jpg
lorene-eamonn,34,034-syrga_dif-15539bd4a76e889d19da4a9a1a6e4567.jpg,2000,3709172,https://static-cdn4-2.vigbo.tech/u169129/128930/blog/8053832/8059952/104906800/2000-syrga_dif-15539bd4a76e889d19da4a9a1a6e4567.jpg
lorene-eamonn,37,037-syrga_dif-93023d13886ee1f7cf7cdad269fd82fe.jpg,2000,2609220,https://static-cdn4-2.vigbo.tech/u169129/128930/blog/8053832/8059952/104906800/2000-syrga_dif-93023d13886ee1f7cf7cdad269fd82fe.jpg
lorene-eamonn,35,035-syrga_dif-1394d0a8e8ae6a9965d738a70ff658e8.jpg,2000,4373492,https://static-cdn4-2.vigbo.tech/u169129/128930/blog/8053832/8059952/104906800/2000-syrga_dif-1394d0a8e8ae6a9965d738a70ff658e8.jpg
lorene-eamonn,33,033-syrga_dif-da9db3782db0605bdee3142f38efa978.jpg,2000,5600823,https://static-cdn4-2.vigbo.tech/u169129/128930/blog/8053832/8059952/104906800/2000-syrga_dif-da9db3782db0605bdee3142f38efa978.jpg
lorene-eamonn,36,036-syrga_dif-6704e5bfe8dccf33134086db1ceb7e2c.jpg,2000,5414379,https://static-cdn4-2.vigbo.tech/u169129/128930/blog/8053832/8059952/104906800/2000-syrga_dif-6704e5bfe8dccf33134086db1ceb7e2c.jpg
lorene-eamonn,39,039-syrga_dif-8a02e3f439e3b1eacaa23d4f74d7ffcc.jpg,2000,4079935,https://static-cdn4-2.vigbo.tech/u169129/128930/blog/8053832/8059952/104906800/2000-syrga_dif-8a02e3f439e3b1eacaa23d4f74d7ffcc.jpg
lorene-eamonn,40,040-syrga_dif-32d31facaab835d091037d27a676a1ed.jpg,2000,3398347,https://static-cdn4-2.vigbo.tech/u169129/128930/blog/8053832/8059952/104906800/2000-syrga_dif-32d31facaab835d091037d27a676a1ed.jpg
lorene-eamonn,43,043-syrga_dif-fbf3f529f0fa1ac073131050dd446641.jpg,2000,3073958,https://static-cdn4-2.vigbo.tech/u169129/128930/blog/8053832/8059952/104906800/2000-syrga_dif-fbf3f529f0fa1ac073131050dd446641.jpg
lorene-eamonn,44,044-syrga_dif-7c20d099e00bc3df0fae3e61bdec64e7.jpg,2000,3734397,https://static-cdn4-2.vigbo.tech/u169129/128930/blog/8053832/8059952/104906800/2000-syrga_dif-7c20d099e00bc3df0fae3e61bdec64e7.jpg
lorene-eamonn,41,041-syrga_dif-80c430ec61688a5da9f8e978445d4e6d.jpg,2000,3206634,https://static-cdn4-2.vigbo.tech/u169129/128930/blog/8053832/8059952/104906800/2000-syrga_dif-80c430ec61688a5da9f8e978445d4e6d.jpg
lorene-eamonn,42,042-syrga_dif-f9a11597397a3f56aa391bbcbaede0a3.jpg,2000,3144987,https://static-cdn4-2.vigbo.tech/u169129/128930/blog/8053832/8059952/104906800/2000-syrga_dif-f9a11597397a3f56aa391bbcbaede0a3.jpg
lorene-eamonn,45,045-syrga_dif-bbfd9402465e6e567562c71e07fdc691.jpg,2000,3187480,https://static-cdn4-2.vigbo.tech/u169129/128930/blog/8053832/8059952/104906800/2000-syrga_dif-bbfd9402465e6e567562c71e07fdc691.jpg
lorene-eamonn,47,047-syrga_dif-ed29c7f05a758a078c5b45d24824367f.jpg,2000,2429937,https://static-cdn4-2.vigbo.tech/u169129/128930/blog/8053832/8059952/104906800/2000-syrga_dif-ed29c7f05a758a078c5b45d24824367f.jpg
lorene-eamonn,48,048-syrga_dif-fc212830fdff63c6f5ee1e7b032a14c3.jpg,2000,3839956,https://static-cdn4-2.vigbo.tech/u169129/128930/blog/8053832/8059952/104906800/2000-syrga_dif-fc212830fdff63c6f5ee1e7b032a14c3.jpg
lorene-eamonn,50,050-syrga_dif-423a32e5f6b28b215e5021a9ea1aa40b.jpg,2000,4390153,https://static-cdn4-2.vigbo.tech/u169129/128930/blog/8053832/8059952/104906800/2000-syrga_dif-423a32e5f6b28b215e5021a9ea1aa40b.jpg
lorene-eamonn,51,051-syrga_dif-e70b121fdae9540fad02b3dbc65fee89.jpg,2000,3554066,https://static-cdn4-2.vigbo.tech/u169129/128930/blog/8053832/8059952/104906800/2000-syrga_dif-e70b121fdae9540fad02b3dbc65fee89.jpg
lorene-eamonn,46,046-syrga_dif-51ad6de4fc743198b7547a55b59c302f.jpg,2000,6458389,https://static-cdn4-2.vigbo.tech/u169129/128930/blog/8053832/8059952/104906800/2000-syrga_dif-51ad6de4fc743198b7547a55b59c302f.jpg
lorene-eamonn,49,049-syrga_dif-4077fa4a1075c8c36de274556413b880.jpg,2000,3722170,https://static-cdn4-2.vigbo.tech/u169129/128930/blog/8053832/8059952/104906800/2000-syrga_dif-4077fa4a1075c8c36de274556413b880.jpg
lorene-eamonn,54,054-syrga_dif-e7fbc22860cb5a84ec0c2bd63f47872e.jpg,2000,3935057,https://static-cdn4-2.vigbo.tech/u169129/128930/blog/8053832/8059952/104906800/2000-syrga_dif-e7fbc22860cb5a84ec0c2bd63f47872e.jpg
lorene-eamonn,53,053-syrga_dif-e46f79230c5956a0197b2384e0931590.jpg,2000,4294590,https://static-cdn4-2.vigbo.tech/u169129/128930/blog/8053832/8059952/104906800/2000-syrga_dif-e46f79230c5956a0197b2384e0931590.jpg
lorene-eamonn,55,055-syrga_dif-f334541a7146bbb0425cca8249a6a36b.jpg,2000,2682380,https://static-cdn4-2.vigbo.tech/u169129/128930/blog/8053832/8059952/104906800/2000-syrga_dif-f334541a7146bbb0425cca8249a6a36b.jpg
lorene-eamonn,52,052-syrga_dif-c4c5497b9e226855ca5d162c9a8598da.jpg,2000,4577424,https://static-cdn4-2.vigbo.tech/u169129/128930/blog/8053832/8059952/104906800/2000-syrga_dif-c4c5497b9e226855ca5d162c9a8598da.jpg
lorene-eamonn,56,056-syrga_dif-8571bd1c0e163e6b7fe762df870f3802.jpg,2000,2504002,https://static-cdn4-2.vigbo.tech/u169129/128930/blog/8053832/8059952/104906800/2000-syrga_dif-8571bd1c0e163e6b7fe762df870f3802.jpg
lorene-eamonn,58,058-syrga_dif-469953de5170a08224f40c13e4fa7144.jpg,2000,3062222,https://static-cdn4-2.vigbo.tech/u169129/128930/blog/8053832/8059952/104906800/2000-syrga_dif-469953de5170a08224f40c13e4fa7144.jpg
lorene-eamonn,57,057-syrga_dif-da571bcc75fd7e9f5c412ead9d026710.jpg,2000,2922814,https://static-cdn4-2.vigbo.tech/u169129/128930/blog/8053832/8059952/104906800/2000-syrga_dif-da571bcc75fd7e9f5c412ead9d026710.jpg
lorene-eamonn,59,059-syrga_dif-4f5ffc54e8161fccf4629961569cc8e1.jpg,2000,2599441,https://static-cdn4-2.vigbo.tech/u169129/128930/blog/8053832/8059952/104906800/2000-syrga_dif-4f5ffc54e8161fccf4629961569cc8e1.jpg
lorene-eamonn,62,062-syrga_dif-19a7ed2246ba384cb6d762894cdb99e8.jpg,2000,3990529,https://static-cdn4-2.vigbo.tech/u169129/128930/blog/8053832/8059952/104906800/2000-syrga_dif-19a7ed2246ba384cb6d762894cdb99e8.jpg
lorene-eamonn,60,060-syrga_dif-dff4cecc35208f88387c7f1405ca490e.jpg,2000,3125594,https://static-cdn4-2.vigbo.tech/u169129/128930/blog/8053832/8059952/104906800/2000-syrga_dif-dff4cecc35208f88387c7f1405ca490e.jpg
lorene-eamonn,61,061-syrga_dif-dd30a945fc41b7ba52c891ee520be222.jpg,2000,3663969,https://static-cdn4-2.vigbo.tech/u169129/128930/blog/8053832/8059952/104906800/2000-syrga_dif-dd30a945fc41b7ba52c891ee520be222.jpg
lorene-eamonn,63,063-syrga_dif-3aacfebdfb53db74161195e176343c01.jpg,2000,2388396,https://static-cdn4-2.vigbo.tech/u169129/128930/blog/8053832/8059952/104906800/2000-syrga_dif-3aacfebdfb53db74161195e176343c01.jpg
lorene-eamonn,64,064-syrga_dif-e126dd80c4c87cf6d09c479c1a2cd1b7.jpg,2000,1921773,https://static-cdn4-2.vigbo.tech/u169129/128930/blog/8053832/8059952/104906800/2000-syrga_dif-e126dd80c4c87cf6d09c479c1a2cd1b7.jpg
lorene-eamonn,65,065-syrga_dif-b99e2fb84af282356da34a55c472e285.jpg,2000,4138232,https://static-cdn4-2.vigbo.tech/u169129/128930/blog/8053832/8059952/104906800/2000-syrga_dif-b99e2fb84af282356da34a55c472e285.jpg
lorene-eamonn,70,070-syrga_dif-39118f768043aa919c1c892cddaeb9d6.jpg,2000,4210454,https://static-cdn4-2.vigbo.tech/u169129/128930/blog/8053832/8059952/104906800/2000-syrga_dif-39118f768043aa919c1c892cddaeb9d6.jpg
lorene-eamonn,68,068-syrga_dif-506ea285cbb6653902a2c324644b6695.jpg,2000,3633102,https://static-cdn4-2.vigbo.tech/u169129/128930/blog/8053832/8059952/104906800/2000-syrga_dif-506ea285cbb6653902a2c324644b6695.jpg
lorene-eamonn,67,067-syrga_dif-b58efd737cbd7207bc0508d98f532298.jpg,2000,2896116,https://static-cdn4-2.vigbo.tech/u169129/128930/blog/8053832/8059952/104906800/2000-syrga_dif-b58efd737cbd7207bc0508d98f532298.jpg
lorene-eamonn,66,066-syrga_dif-652926535d4c6b980c3e59ff16aed87d.jpg,2000,3565960,https://static-cdn4-2.vigbo.tech/u169129/128930/blog/8053832/8059952/104906800/2000-syrga_dif-652926535d4c6b980c3e59ff16aed87d.jpg
lorene-eamonn,71,071-syrga_dif-670fbde87e2faccd695dba7d9e2a8c5a.jpg,2000,3685351,https://static-cdn4-2.vigbo.tech/u169129/128930/blog/8053832/8059952/104906800/2000-syrga_dif-670fbde87e2faccd695dba7d9e2a8c5a.jpg
lorene-eamonn,69,069-syrga_dif-6331dcd0f2f34464819b5442fe48789a.jpg,2000,4379586,https://static-cdn4-2.vigbo.tech/u169129/128930/blog/8053832/8059952/104906800/2000-syrga_dif-6331dcd0f2f34464819b5442fe48789a.jpg
lorene-eamonn,72,072-syrga_dif-b846678aef1dd5e32b6ed9a0ae92bb19.jpg,2000,2777156,https://static-cdn4-2.vigbo.tech/u169129/128930/blog/8053832/8059952/104906800/2000-syrga_dif-b846678aef1dd5e32b6ed9a0ae92bb19.jpg
lorene-eamonn,74,074-syrga_dif-e6c0f3aacabd6dc524d6ca54e9a97b90.jpg,2000,3301912,https://static-cdn4-2.vigbo.tech/u169129/128930/blog/8053832/8059952/104906800/2000-syrga_dif-e6c0f3aacabd6dc524d6ca54e9a97b90.jpg
lorene-eamonn,75,075-syrga_dif-d9501dd0b3a524c6bd4af37d75b43b1c.jpg,2000,4172754,https://static-cdn4-2.vigbo.tech/u169129/128930/blog/8053832/8059952/104906800/2000-syrga_dif-d9501dd0b3a524c6bd4af37d75b43b1c.jpg
lorene-eamonn,73,073-syrga_dif-8a55619455bcd5d1b42e9e0f961e3ab0.jpg,2000,4110755,https://static-cdn4-2.vigbo.tech/u169129/128930/blog/8053832/8059952/104906800/2000-syrga_dif-8a55619455bcd5d1b42e9e0f961e3ab0.jpg
lorene-eamonn,77,077-syrga_dif-d03b8e73ad678a1107286b8db287c977.jpg,2000,2770548,https://static-cdn4-2.vigbo.tech/u169129/128930/blog/8053832/8059952/104906800/2000-syrga_dif-d03b8e73ad678a1107286b8db287c977.jpg
lorene-eamonn,76,076-syrga_dif-207a2aa4a7eb11a27909c39206bef6e9.jpg,2000,2230693,https://static-cdn4-2.vigbo.tech/u169129/128930/blog/8053832/8059952/104906800/2000-syrga_dif-207a2aa4a7eb11a27909c39206bef6e9.jpg
lorene-eamonn,79,079-syrga_dif-41c4113b79ec6e3a6dc8093f71996a4d.jpg,2000,2407309,https://static-cdn4-2.vigbo.tech/u169129/128930/blog/8053832/8059952/104906800/2000-syrga_dif-41c4113b79ec6e3a6dc8093f71996a4d.jpg
lorene-eamonn,78,078-syrga_dif-80f8d8213a8ef59cb3b750fe2e8bc56a.jpg,2000,3969210,https://static-cdn4-2.vigbo.tech/u169129/128930/blog/8053832/8059952/104906800/2000-syrga_dif-80f8d8213a8ef59cb3b750fe2e8bc56a.jpg
lorene-eamonn,81,081-syrga_dif-741988384b8be828e0289800fdace2cc.jpg,2000,3466910,https://static-cdn4-2.vigbo.tech/u169129/128930/blog/8053832/8059952/104906800/2000-syrga_dif-741988384b8be828e0289800fdace2cc.jpg
lorene-eamonn,80,080-syrga_dif-c5ca869209b30fa2a03641118d672191.jpg,2000,4421350,https://static-cdn4-2.vigbo.tech/u169129/128930/blog/8053832/8059952/104906800/2000-syrga_dif-c5ca869209b30fa2a03641118d672191.jpg
alexandra-luuk,1,001-bef51dc8ea5447a4faa9ea90ea627aaf.jpg,orig,5893273,https://static-cdn4-2.vigbo.tech/u169129/128930/blog/7826636/7748662/section/bef51dc8ea5447a4faa9ea90ea627aaf.jpg
lorene-eamonn,82,082-syrga_dif-45669933b739178d4041d2a2691d94df.jpg,2000,3468897,https://static-cdn4-2.vigbo.tech/u169129/128930/blog/8053832/8059952/104906800/2000-syrga_dif-45669933b739178d4041d2a2691d94df.jpg
alexandra-luuk,4,004-syrga_dif-ac93f7e4558e495fb7eec056daef2fe9.jpg,2000,2703210,https://static-cdn4-2.vigbo.tech/u169129/128930/blog/7826636/7748660/101896010/2000-syrga_dif-ac93f7e4558e495fb7eec056daef2fe9.jpg
lorene-eamonn,83,083-syrga_dif-a44d116f65f71596b58694483cf93c66.jpg,2000,4262363,https://static-cdn4-2.vigbo.tech/u169129/128930/blog/8053832/8059952/104906800/2000-syrga_dif-a44d116f65f71596b58694483cf93c66.jpg
alexandra-luuk,5,005-syrga_dif-55bb03ccee02ddcc3fadaf3e1c1adebb.jpg,2000,2804986,https://static-cdn4-2.vigbo.tech/u169129/128930/blog/7826636/7748660/101896010/2000-syrga_dif-55bb03ccee02ddcc3fadaf3e1c1adebb.jpg
alexandra-luuk,3,003-syrga_dif-6e2befd288b4708a1d3e285e6e142bce.jpg,2000,2746634,https://static-cdn4-2.vigbo.tech/u169129/128930/blog/7826636/7748660/101896010/2000-syrga_dif-6e2befd288b4708a1d3e285e6e142bce.jpg
alexandra-luuk,6,006-syrga_dif-0533af75e8aa080c7ffd61ea977e716a.jpg,2000,2921436,https://static-cdn4-2.vigbo.tech/u169129/128930/blog/7826636/7748660/101896010/2000-syrga_dif-0533af75e8aa080c7ffd61ea977e716a.jpg
alexandra-luuk,2,002-syrga_dif-3f35cab239cab9d4a6bec7b2585a9293.jpg,2000,2875941,https://static-cdn4-2.vigbo.tech/u169129/128930/blog/7826636/7748660/101896010/2000-syrga_dif-3f35cab239cab9d4a6bec7b2585a9293.jpg
alexandra-luuk,8,008-syrga_dif-b8c858d1043a71ae399a756537747a15.jpg,2000,3069844,https://static-cdn4-2.vigbo.tech/u169129/128930/blog/7826636/7748660/101896010/2000-syrga_dif-b8c858d1043a71ae399a756537747a15.jpg
alexandra-luuk,7,007-syrga_dif-20e28990a77f5277d7a0f1f3475a0e1f.jpg,2000,4121397,https://static-cdn4-2.vigbo.tech/u169129/128930/blog/7826636/7748660/101896010/2000-syrga_dif-20e28990a77f5277d7a0f1f3475a0e1f.jpg
alexandra-luuk,9,009-syrga_dif-0b5bd5024f8023d16e3c8e66eccd7b9a.jpg,2000,2892431,https://static-cdn4-2.vigbo.tech/u169129/128930/blog/7826636/7748660/101896010/2000-syrga_dif-0b5bd5024f8023d16e3c8e66eccd7b9a.jpg
alexandra-luuk,10,010-syrga_dif-b300891e6ed934f68798f0646b3577ff.jpg,2000,2664971,https://static-cdn4-2.vigbo.tech/u169129/128930/blog/7826636/7748660/101896010/2000-syrga_dif-b300891e6ed934f68798f0646b3577ff.jpg
alexandra-luuk,11,011-syrga_dif-0677f333eacc6271a05b15161eb3c612.jpg,2000,3917827,https://static-cdn4-2.vigbo.tech/u169129/128930/blog/7826636/7748660/101896010/2000-syrga_dif-0677f333eacc6271a05b15161eb3c612.jpg
alexandra-luuk,15,015-syrga_dif-77814b35cbf4d746ae9c42e639e9aa55.jpg,2000,2825117,https://static-cdn4-2.vigbo.tech/u169129/128930/blog/7826636/7748660/101896010/2000-syrga_dif-77814b35cbf4d746ae9c42e639e9aa55.jpg
alexandra-luuk,17,017-syrga_dif-7932f43bc7cba3cc9639dac57fed4494.jpg,2000,2565678,https://static-cdn4-2.vigbo.tech/u169129/128930/blog/7826636/7748660/101896010/2000-syrga_dif-7932f43bc7cba3cc9639dac57fed4494.jpg
alexandra-luuk,14,014-syrga_dif-35c40fe8ebf10307f9be1fa212b85d42.jpg,2000,2982367,https://static-cdn4-2.vigbo.tech/u169129/128930/blog/7826636/7748660/101896010/2000-syrga_dif-35c40fe8ebf10307f9be1fa212b85d42.jpg
alexandra-luuk,16,016-syrga_dif-105f47e87940e1fb146592dc15a1bf14.jpg,2000,3006221,https://static-cdn4-2.vigbo.tech/u169129/128930/blog/7826636/7748660/101896010/2000-syrga_dif-105f47e87940e1fb146592dc15a1bf14.jpg
alexandra-luuk,12,012-syrga_dif-d28da30e8f377c92911fba8a24e08ace.jpg,2000,3250371,https://static-cdn4-2.vigbo.tech/u169129/128930/blog/7826636/7748660/101896010/2000-syrga_dif-d28da30e8f377c92911fba8a24e08ace.jpg
alexandra-luuk,13,013-syrga_dif-cdb96ae13ef35ed40c470062514f7e3c.jpg,2000,3130553,https://static-cdn4-2.vigbo.tech/u169129/128930/blog/7826636/7748660/101896010/2000-syrga_dif-cdb96ae13ef35ed40c470062514f7e3c.jpg
alexandra-luuk,18,018-syrga_dif-2309e3ee5c8744857207e52e44a64f15.jpg,2000,2372317,https://static-cdn4-2.vigbo.tech/u169129/128930/blog/7826636/7748660/101896010/2000-syrga_dif-2309e3ee5c8744857207e52e44a64f15.jpg
alexandra-luuk,21,021-syrga_dif-05045c8e85faf04dac51bb62402ab66a.jpg,2000,3005322,https://static-cdn4-2.vigbo.tech/u169129/128930/blog/7826636/7748660/101896010/2000-syrga_dif-05045c8e85faf04dac51bb62402ab66a.jpg
alexandra-luuk,20,020-syrga_dif-5ed950355a3a26d41a7962cd8219b8a0.jpg,2000,1658114,https://static-cdn4-2.vigbo.tech/u169129/128930/blog/7826636/7748660/101896010/2000-syrga_dif-5ed950355a3a26d41a7962cd8219b8a0.jpg
alexandra-luuk,19,019-syrga_dif-9f0a700f9954a9fe3e6e66ae873642e3.jpg,2000,3112817,https://static-cdn4-2.vigbo.tech/u169129/128930/blog/7826636/7748660/101896010/2000-syrga_dif-9f0a700f9954a9fe3e6e66ae873642e3.jpg
alexandra-luuk,22,022-syrga_dif-56cf8b5971efe8ff12e2cd0776e29c56.jpg,2000,4604435,https://static-cdn4-2.vigbo.tech/u169129/128930/blog/7826636/7748660/101896010/2000-syrga_dif-56cf8b5971efe8ff12e2cd0776e29c56.jpg
alexandra-luuk,23,023-syrga_dif-6c65953e3fa6f7fa77c83ac0c37c97ad.jpg,2000,3476779,https://static-cdn4-2.vigbo.tech/u169129/128930/blog/7826636/7748660/101896010/2000-syrga_dif-6c65953e3fa6f7fa77c83ac0c37c97ad.jpg
alexandra-luuk,26,026-syrga_dif-d0ca4c0cb870ed4b00702ffc81551122.jpg,2000,2575635,https://static-cdn4-2.vigbo.tech/u169129/128930/blog/7826636/7748660/101896010/2000-syrga_dif-d0ca4c0cb870ed4b00702ffc81551122.jpg
alexandra-luuk,27,027-syrga_dif-6109821a02d946b5d3c2248571116555.jpg,2000,4758984,https://static-cdn4-2.vigbo.tech/u169129/128930/blog/7826636/7748660/101896010/2000-syrga_dif-6109821a02d946b5d3c2248571116555.jpg
alexandra-luuk,24,024-syrga_dif-ae62c398f0239624abeb5c4b7e44b113.jpg,2000,4647538,https://static-cdn4-2.vigbo.tech/u169129/128930/blog/7826636/7748660/101896010/2000-syrga_dif-ae62c398f0239624abeb5c4b7e44b113.jpg
alexandra-luuk,28,028-syrga_dif-d5cacd97fbaf785973a711a5b09e2c9e.jpg,2000,4629832,https://static-cdn4-2.vigbo.tech/u169129/128930/blog/7826636/7748660/101896010/2000-syrga_dif-d5cacd97fbaf785973a711a5b09e2c9e.jpg
alexandra-luuk,25,025-syrga_dif-f55849b631ca2b593c05b616e4fad576.jpg,2000,3800863,https://static-cdn4-2.vigbo.tech/u169129/128930/blog/7826636/7748660/101896010/2000-syrga_dif-f55849b631ca2b593c05b616e4fad576.jpg
alexandra-luuk,29,029-syrga_dif-a0e5be205bc17c76070e28cf227cc810.jpg,2000,4247668,https://static-cdn4-2.vigbo.tech/u169129/128930/blog/7826636/7748660/101896010/2000-syrga_dif-a0e5be205bc17c76070e28cf227cc810.jpg
alexandra-luuk,30,030-syrga_dif-56c7cc43bed0965ba86653ea04e18f37.jpg,2000,3570800,https://static-cdn4-2.vigbo.tech/u169129/128930/blog/7826636/7748660/101896010/2000-syrga_dif-56c7cc43bed0965ba86653ea04e18f37.jpg
alexandra-luuk,33,033-syrga_dif-b92fa879c96402cfb4c76e8a27e9d551.jpg,2000,2418863,https://static-cdn4-2.vigbo.tech/u169129/128930/blog/7826636/7748660/101896010/2000-syrga_dif-b92fa879c96402cfb4c76e8a27e9d551.jpg
alexandra-luuk,31,031-syrga_dif-4112054fc2f30db4feba181179d671be.jpg,2000,4285162,https://static-cdn4-2.vigbo.tech/u169129/128930/blog/7826636/7748660/101896010/2000-syrga_dif-4112054fc2f30db4feba181179d671be.jpg
alexandra-luuk,32,032-syrga_dif-0f6368708009a61f7e2e19998219a9c8.jpg,2000,3643139,https://static-cdn4-2.vigbo.tech/u169129/128930/blog/7826636/7748660/101896010/2000-syrga_dif-0f6368708009a61f7e2e19998219a9c8.jpg
alexandra-luuk,34,034-syrga_dif-8d00c827f349a8f3a3d0aff1509a98f6.jpg,2000,5398196,https://static-cdn4-2.vigbo.tech/u169129/128930/blog/7826636/7748660/101896010/2000-syrga_dif-8d00c827f349a8f3a3d0aff1509a98f6.jpg
alexandra-luuk,35,035-syrga_dif-9111ba3e738b483e39454091c3f2bf60.jpg,2000,5990293,https://static-cdn4-2.vigbo.tech/u169129/128930/blog/7826636/7748660/101896010/2000-syrga_dif-9111ba3e738b483e39454091c3f2bf60.jpg
alexandra-luuk,36,036-syrga_dif-530e59527858c62912e3ef1fa09ea9d2.jpg,2000,3752679,https://static-cdn4-2.vigbo.tech/u169129/128930/blog/7826636/7748660/101896010/2000-syrga_dif-530e59527858c62912e3ef1fa09ea9d2.jpg
alexandra-luuk,37,037-syrga_dif-348b009f8b6893486b4fe8b5f17d9820.jpg,2000,4653493,https://static-cdn4-2.vigbo.tech/u169129/128930/blog/7826636/7748660/101896010/2000-syrga_dif-348b009f8b6893486b4fe8b5f17d9820.jpg
alexandra-luuk,39,039-syrga_dif-455a15cfd5f2b1561299a02224624ed5.jpg,2000,3833793,https://static-cdn4-2.vigbo.tech/u169129/128930/blog/7826636/7748660/101896010/2000-syrga_dif-455a15cfd5f2b1561299a02224624ed5.jpg
alexandra-luuk,38,038-syrga_dif-a6963aad1d69b91ec7304a1da9a89eca.jpg,2000,6973622,https://static-cdn4-2.vigbo.tech/u169129/128930/blog/7826636/7748660/101896010/2000-syrga_dif-a6963aad1d69b91ec7304a1da9a89eca.jpg
alexandra-luuk,43,043-syrga_dif-880cb181f9c3eb3f86ba970561c452ea.jpg,2000,3542627,https://static-cdn4-2.vigbo.tech/u169129/128930/blog/7826636/7748660/101896010/2000-syrga_dif-880cb181f9c3eb3f86ba970561c452ea.jpg
alexandra-luuk,42,042-syrga_dif-b35d6284fbea61095a67f9d3b09f9f1d.jpg,2000,3525868,https://static-cdn4-2.vigbo.tech/u169129/128930/blog/7826636/7748660/101896010/2000-syrga_dif-b35d6284fbea61095a67f9d3b09f9f1d.jpg
alexandra-luuk,41,041-syrga_dif-588c5a197c75a6d39fc40df9a29bde14.jpg,2000,5070571,https://static-cdn4-2.vigbo.tech/u169129/128930/blog/7826636/7748660/101896010/2000-syrga_dif-588c5a197c75a6d39fc40df9a29bde14.jpg
alexandra-luuk,40,040-syrga_dif-33b906e8f0c03d4507668d706ebe143f.jpg,2000,3869823,https://static-cdn4-2.vigbo.tech/u169129/128930/blog/7826636/7748660/101896010/2000-syrga_dif-33b906e8f0c03d4507668d706ebe143f.jpg
alexandra-luuk,44,044-syrga_dif-429b57ed20d98b121e3b83f44f3499d6.jpg,2000,3343637,https://static-cdn4-2.vigbo.tech/u169129/128930/blog/7826636/7748660/101896010/2000-syrga_dif-429b57ed20d98b121e3b83f44f3499d6.jpg
alexandra-luuk,45,045-syrga_dif-3816ba5fb8dff7861b579c667f3c595f.jpg,2000,4878477,https://static-cdn4-2.vigbo.tech/u169129/128930/blog/7826636/7748660/101896010/2000-syrga_dif-3816ba5fb8dff7861b579c667f3c595f.jpg
alexandra-luuk,46,046-syrga_dif-2f1dba2ee9b37ab73b16df369651c9be.jpg,2000,1230828,https://static-cdn4-2.vigbo.tech/u169129/128930/blog/7826636/7748660/101896010/2000-syrga_dif-2f1dba2ee9b37ab73b16df369651c9be.jpg
alexandra-luuk,47,047-syrga_dif-f9b61aac1a9337071e824ecd10b13015.jpg,2000,1787573,https://static-cdn4-2.vigbo.tech/u169129/128930/blog/7826636/7748660/101896010/2000-syrga_dif-f9b61aac1a9337071e824ecd10b13015.jpg
alexandra-luuk,49,049-syrga_dif-17bd4afab1b4bd59db365743bcbf043d.jpg,2000,2694829,https://static-cdn4-2.vigbo.tech/u169129/128930/blog/7826636/7748660/101896010/2000-syrga_dif-17bd4afab1b4bd59db365743bcbf043d.jpg
alexandra-luuk,52,052-syrga_dif-3dbfe122b02fc2cf7cab1da272d65dd7.jpg,2000,4433071,https://static-cdn4-2.vigbo.tech/u169129/128930/blog/7826636/7748660/101896010/2000-syrga_dif-3dbfe122b02fc2cf7cab1da272d65dd7.jpg
alexandra-luuk,48,048-syrga_dif-3faa52b9b0003ef664dc240d5d4b9695.jpg,2000,1850060,https://static-cdn4-2.vigbo.tech/u169129/128930/blog/7826636/7748660/101896010/2000-syrga_dif-3faa52b9b0003ef664dc240d5d4b9695.jpg
alexandra-luuk,51,051-syrga_dif-d94677ece72a8565fee0f2c1fedc25a9.jpg,2000,2244397,https://static-cdn4-2.vigbo.tech/u169129/128930/blog/7826636/7748660/101896010/2000-syrga_dif-d94677ece72a8565fee0f2c1fedc25a9.jpg
alexandra-luuk,50,050-syrga_dif-88aad0ad74ab55eacb41e7ba0b76a5b6.jpg,2000,2109374,https://static-cdn4-2.vigbo.tech/u169129/128930/blog/7826636/7748660/101896010/2000-syrga_dif-88aad0ad74ab55eacb41e7ba0b76a5b6.jpg
alexandra-luuk,55,055-syrga_dif-01d2691bb9b0b8bb670e99ca596f9eba.jpg,2000,2176691,https://static-cdn4-2.vigbo.tech/u169129/128930/blog/7826636/7748660/101896010/2000-syrga_dif-01d2691bb9b0b8bb670e99ca596f9eba.jpg
alexandra-luuk,54,054-syrga_dif-4fdaf48e033e67ba6a33c8d3bb2785d9.jpg,2000,3580386,https://static-cdn4-2.vigbo.tech/u169129/128930/blog/7826636/7748660/101896010/2000-syrga_dif-4fdaf48e033e67ba6a33c8d3bb2785d9.jpg
alexandra-luuk,56,056-syrga_dif-9c1187c52ea3eb85ad879c1722eeb767.jpg,2000,3581127,https://static-cdn4-2.vigbo.tech/u169129/128930/blog/7826636/7748660/101896010/2000-syrga_dif-9c1187c52ea3eb85ad879c1722eeb767.jpg
alexandra-luuk,53,053-syrga_dif-8856f09286e7868d12521e3e0c75ace6.jpg,2000,3917062,https://static-cdn4-2.vigbo.tech/u169129/128930/blog/7826636/7748660/101896010/2000-syrga_dif-8856f09286e7868d12521e3e0c75ace6.jpg
alexandra-luuk,60,060-syrga_dif-d95b7d904cb2a2f57a19425c3937898b.jpg,2000,2089404,https://static-cdn4-2.vigbo.tech/u169129/128930/blog/7826636/7748660/101896010/2000-syrga_dif-d95b7d904cb2a2f57a19425c3937898b.jpg
alexandra-luuk,58,058-syrga_dif-d3ea235f28394f442907f2c937d6faab.jpg,2000,2858699,https://static-cdn4-2.vigbo.tech/u169129/128930/blog/7826636/7748660/101896010/2000-syrga_dif-d3ea235f28394f442907f2c937d6faab.jpg
alexandra-luuk,57,057-syrga_dif-0362a8408ba28da6b7bec259873a5f88.jpg,2000,4724058,https://static-cdn4-2.vigbo.tech/u169129/128930/blog/7826636/7748660/101896010/2000-syrga_dif-0362a8408ba28da6b7bec259873a5f88.jpg
alexandra-luuk,61,061-syrga_dif-a682391812843df1c9f855b1a51cc855.jpg,2000,3444056,https://static-cdn4-2.vigbo.tech/u169129/128930/blog/7826636/7748660/101896010/2000-syrga_dif-a682391812843df1c9f855b1a51cc855.jpg
alexandra-luuk,62,062-syrga_dif-84f0400eb04176e8924cb166b4b6d4ea.jpg,2000,2971804,https://static-cdn4-2.vigbo.tech/u169129/128930/blog/7826636/7748660/101896010/2000-syrga_dif-84f0400eb04176e8924cb166b4b6d4ea.jpg
alexandra-luuk,64,064-syrga_dif-613f6d21dc41718b29b1542939b88235.jpg,2000,2705520,https://static-cdn4-2.vigbo.tech/u169129/128930/blog/7826636/7748660/101896010/2000-syrga_dif-613f6d21dc41718b29b1542939b88235.jpg
romane-james,1,001-0d7ed97ea2276affd95a648a6d92ea1d.jpg,orig,351902,https://static-cdn4-2.vigbo.tech/u169129/128930/blog/6843537/6677467/section/0d7ed97ea2276affd95a648a6d92ea1d.jpg
alexandra-luuk,63,063-syrga_dif-d5928ec518228252e864a993f14956d2.jpg,2000,4511270,https://static-cdn4-2.vigbo.tech/u169129/128930/blog/7826636/7748660/101896010/2000-syrga_dif-d5928ec518228252e864a993f14956d2.jpg
alexandra-luuk,59,059-syrga_dif-058cd928bde97fb80ed0b3d9ec41b600.jpg,2000,3574755,https://static-cdn4-2.vigbo.tech/u169129/128930/blog/7826636/7748660/101896010/2000-syrga_dif-058cd928bde97fb80ed0b3d9ec41b600.jpg
alexandra-luuk,65,065-syrga_dif-dfd614f417aabc1c06ce12483dc8b148.jpg,2000,3519124,https://static-cdn4-2.vigbo.tech/u169129/128930/blog/7826636/7748660/101896010/2000-syrga_dif-dfd614f417aabc1c06ce12483dc8b148.jpg
romane-james,3,003-syrga_dif-d6aca63bee2d232d21301d1694ded34e.jpg,2000,543801,https://static-cdn4-2.vigbo.tech/u169129/128930/blog/6843537/6677466/87736044/2000-syrga_dif-d6aca63bee2d232d21301d1694ded34e.jpg
romane-james,2,002-syrga_dif-c1a4f03fb3533d0eac5920fce36d301a.jpg,2000,962353,https://static-cdn4-2.vigbo.tech/u169129/128930/blog/6843537/6677466/87736044/2000-syrga_dif-c1a4f03fb3533d0eac5920fce36d301a.jpg
alexandra-luuk,66,066-syrga_dif-f8ad0429e7fb1d8941784e894f2031c7.jpg,2000,4184498,https://static-cdn4-2.vigbo.tech/u169129/128930/blog/7826636/7748660/101896010/2000-syrga_dif-f8ad0429e7fb1d8941784e894f2031c7.jpg
romane-james,4,004-syrga_dif-b5ea3d79088c3874fc2b82761d2a66a5.jpg,2000,514758,https://static-cdn4-2.vigbo.tech/u169129/128930/blog/6843537/6677466/87736044/2000-syrga_dif-b5ea3d79088c3874fc2b82761d2a66a5.jpg
romane-james,5,005-syrga_dif-44bc684ed1a3881d42ef432a9facab01.jpg,2000,369138,https://static-cdn4-2.vigbo.tech/u169129/128930/blog/6843537/6677466/87736044/2000-syrga_dif-44bc684ed1a3881d42ef432a9facab01.jpg
alexandra-luuk,67,067-syrga_dif-de2756c9a6dc4434c414f1d8c5ee06b5.jpg,2000,3517686,https://static-cdn4-2.vigbo.tech/u169129/128930/blog/7826636/7748660/101896010/2000-syrga_dif-de2756c9a6dc4434c414f1d8c5ee06b5.jpg
romane-james,7,007-syrga_dif-20fbf23ae3cd57b04727eb8dd64fdb8b.jpg,2000,299080,https://static-cdn4-2.vigbo.tech/u169129/128930/blog/6843537/6677466/87736044/2000-syrga_dif-20fbf23ae3cd57b04727eb8dd64fdb8b.jpg
romane-james,6,006-syrga_dif-91b1028378a047883d3d2edd8c07cbb6.jpg,2000,817501,https://static-cdn4-2.vigbo.tech/u169129/128930/blog/6843537/6677466/87736044/2000-syrga_dif-91b1028378a047883d3d2edd8c07cbb6.jpg
romane-james,8,008-syrga_dif-eb3ac2a9589e0201b677b7572f1a2be5.jpg,2000,839765,https://static-cdn4-2.vigbo.tech/u169129/128930/blog/6843537/6677466/87736044/2000-syrga_dif-eb3ac2a9589e0201b677b7572f1a2be5.jpg
romane-james,9,009-syrga_dif-283e1db20b64ec62a4f20531a9270aad.jpg,2000,469095,https://static-cdn4-2.vigbo.tech/u169129/128930/blog/6843537/6677466/87736044/2000-syrga_dif-283e1db20b64ec62a4f20531a9270aad.jpg
romane-james,10,010-syrga_dif-4544a1f7f2a65c6b1af7c92cca3882c3.jpg,2000,438247,https://static-cdn4-2.vigbo.tech/u169129/128930/blog/6843537/6677466/87736044/2000-syrga_dif-4544a1f7f2a65c6b1af7c92cca3882c3.jpg
romane-james,11,011-syrga_dif-206ee1ca35e196200ad2645a6186f936.jpg,2000,505578,https://static-cdn4-2.vigbo.tech/u169129/128930/blog/6843537/6677466/87736044/2000-syrga_dif-206ee1ca35e196200ad2645a6186f936.jpg
romane-james,12,012-syrga_dif-812342a752598b2174aba28fa57b11f5.jpg,2000,788866,https://static-cdn4-2.vigbo.tech/u169129/128930/blog/6843537/6677466/87736044/2000-syrga_dif-812342a752598b2174aba28fa57b11f5.jpg
romane-james,16,016-syrga_dif-cce9a88bc56a23f974010e9b4d19413b.jpg,2000,503051,https://static-cdn4-2.vigbo.tech/u169129/128930/blog/6843537/6677466/87736044/2000-syrga_dif-cce9a88bc56a23f974010e9b4d19413b.jpg
romane-james,15,015-syrga_dif-25ce82ed1abcb8e74c3954f799933148.jpg,2000,1038965,https://static-cdn4-2.vigbo.tech/u169129/128930/blog/6843537/6677466/87736044/2000-syrga_dif-25ce82ed1abcb8e74c3954f799933148.jpg
romane-james,14,014-syrga_dif-a48877d957922174b3606d3472fbe89b.jpg,2000,748353,https://static-cdn4-2.vigbo.tech/u169129/128930/blog/6843537/6677466/87736044/2000-syrga_dif-a48877d957922174b3606d3472fbe89b.jpg
romane-james,13,013-syrga_dif-224ed1a0fdd7ebb829e9d59cd36244f9.jpg,2000,984528,https://static-cdn4-2.vigbo.tech/u169129/128930/blog/6843537/6677466/87736044/2000-syrga_dif-224ed1a0fdd7ebb829e9d59cd36244f9.jpg
romane-james,17,017-syrga_dif-e3900d5cafd85968ba5c63c075283f64.jpg,2000,1456696,https://static-cdn4-2.vigbo.tech/u169129/128930/blog/6843537/6677466/87736044/2000-syrga_dif-e3900d5cafd85968ba5c63c075283f64.jpg
romane-james,19,019-syrga_dif-cc2d1ec8edd0dc3c78bd43e428285a8a.jpg,2000,473127,https://static-cdn4-2.vigbo.tech/u169129/128930/blog/6843537/6677466/87736044/2000-syrga_dif-cc2d1ec8edd0dc3c78bd43e428285a8a.jpg
romane-james,18,018-syrga_dif-e2432a1de13737b26660d6d3c220341b.jpg,2000,1146915,https://static-cdn4-2.vigbo.tech/u169129/128930/blog/6843537/6677466/87736044/2000-syrga_dif-e2432a1de13737b26660d6d3c220341b.jpg
romane-james,21,021-syrga_dif-7bd4ba5847e7c5bb7df2bf071819cc3c.jpg,2000,433857,https://static-cdn4-2.vigbo.tech/u169129/128930/blog/6843537/6677466/87736044/2000-syrga_dif-7bd4ba5847e7c5bb7df2bf071819cc3c.jpg
romane-james,20,020-syrga_dif-98ab4619c1a4fafe751f796ff98e81e6.jpg,2000,1232057,https://static-cdn4-2.vigbo.tech/u169129/128930/blog/6843537/6677466/87736044/2000-syrga_dif-98ab4619c1a4fafe751f796ff98e81e6.jpg
romane-james,23,023-syrga_dif-891cead4492d318dbc85136d5c234131.jpg,2000,1192093,https://static-cdn4-2.vigbo.tech/u169129/128930/blog/6843537/6677466/87736044/2000-syrga_dif-891cead4492d318dbc85136d5c234131.jpg
romane-james,22,022-syrga_dif-d865f2998b6fcf626ae08dc708415142.jpg,2000,550175,https://static-cdn4-2.vigbo.tech/u169129/128930/blog/6843537/6677466/87736044/2000-syrga_dif-d865f2998b6fcf626ae08dc708415142.jpg
romane-james,24,024-syrga_dif-d0fd818ee753e8cd800bd6de4eb5e936.jpg,2000,437055,https://static-cdn4-2.vigbo.tech/u169129/128930/blog/6843537/6677466/87736044/2000-syrga_dif-d0fd818ee753e8cd800bd6de4eb5e936.jpg
romane-james,26,026-syrga_dif-bea0f042081a4ae065e006b937d8cd3e.jpg,2000,559000,https://static-cdn4-2.vigbo.tech/u169129/128930/blog/6843537/6677466/87736044/2000-syrga_dif-bea0f042081a4ae065e006b937d8cd3e.jpg
romane-james,27,027-syrga_dif-7e4c9fc32480422bb69b6dd82c6df037.jpg,2000,429448,https://static-cdn4-2.vigbo.tech/u169129/128930/blog/6843537/6677466/87736044/2000-syrga_dif-7e4c9fc32480422bb69b6dd82c6df037.jpg
romane-james,25,025-syrga_dif-4b78e019f46560bf89a8273f9d57d7d2.jpg,2000,1181880,https://static-cdn4-2.vigbo.tech/u169129/128930/blog/6843537/6677466/87736044/2000-syrga_dif-4b78e019f46560bf89a8273f9d57d7d2.jpg
romane-james,29,029-syrga_dif-65c7f734de95e0c8000129783a887f20.jpg,2000,285007,https://static-cdn4-2.vigbo.tech/u169129/128930/blog/6843537/6677466/87736044/2000-syrga_dif-65c7f734de95e0c8000129783a887f20.jpg
romane-james,30,030-syrga_dif-5a9ac2a35224ec1d79b0e7edf093a160.jpg,2000,782387,https://static-cdn4-2.vigbo.tech/u169129/128930/blog/6843537/6677466/87736044/2000-syrga_dif-5a9ac2a35224ec1d79b0e7edf093a160.jpg
romane-james,32,032-syrga_dif-d629f08fa9487c85ba018fb426140852.jpg,2000,966886,https://static-cdn4-2.vigbo.tech/u169129/128930/blog/6843537/6677466/87736044/2000-syrga_dif-d629f08fa9487c85ba018fb426140852.jpg
romane-james,31,031-syrga_dif-0d327c4b102c1dfc373fad70958fc004.jpg,2000,1019574,https://static-cdn4-2.vigbo.tech/u169129/128930/blog/6843537/6677466/87736044/2000-syrga_dif-0d327c4b102c1dfc373fad70958fc004.jpg
romane-james,28,028-syrga_dif-95b79f58c635b2bc648c05b1705f93ce.jpg,2000,652774,https://static-cdn4-2.vigbo.tech/u169129/128930/blog/6843537/6677466/87736044/2000-syrga_dif-95b79f58c635b2bc648c05b1705f93ce.jpg
romane-james,33,033-syrga_dif-2447f691e84ef0c2014ef1d2646518bb.jpg,2000,1048527,https://static-cdn4-2.vigbo.tech/u169129/128930/blog/6843537/6677466/87736044/2000-syrga_dif-2447f691e84ef0c2014ef1d2646518bb.jpg
romane-james,34,034-syrga_dif-4821ea291ee3bbd99164f233d91491d7.jpg,2000,897083,https://static-cdn4-2.vigbo.tech/u169129/128930/blog/6843537/6677466/87736044/2000-syrga_dif-4821ea291ee3bbd99164f233d91491d7.jpg
romane-james,36,036-syrga_dif-1d8283e496977d18e50265ee7ffc3024.jpg,2000,892124,https://static-cdn4-2.vigbo.tech/u169129/128930/blog/6843537/6677466/87736044/2000-syrga_dif-1d8283e496977d18e50265ee7ffc3024.jpg
romane-james,35,035-syrga_dif-2393b9a8b5d15669df2015c5b8fda11f.jpg,2000,896310,https://static-cdn4-2.vigbo.tech/u169129/128930/blog/6843537/6677466/87736044/2000-syrga_dif-2393b9a8b5d15669df2015c5b8fda11f.jpg
romane-james,40,040-syrga_dif-2d5493b7790a2f6b65719efff77473ec.jpg,2000,251210,https://static-cdn4-2.vigbo.tech/u169129/128930/blog/6843537/6677466/87736044/2000-syrga_dif-2d5493b7790a2f6b65719efff77473ec.jpg
romane-james,38,038-syrga_dif-42888efe65977c832b0971d5bcc4ec95.jpg,2000,1176618,https://static-cdn4-2.vigbo.tech/u169129/128930/blog/6843537/6677466/87736044/2000-syrga_dif-42888efe65977c832b0971d5bcc4ec95.jpg
romane-james,37,037-syrga_dif-a293723abff14193fc2702054dc64554.jpg,2000,1068177,https://static-cdn4-2.vigbo.tech/u169129/128930/blog/6843537/6677466/87736044/2000-syrga_dif-a293723abff14193fc2702054dc64554.jpg
romane-james,41,041-syrga_dif-b5ac8300ba41968269087257dca7d4f9.jpg,2000,748843,https://static-cdn4-2.vigbo.tech/u169129/128930/blog/6843537/6677466/87736044/2000-syrga_dif-b5ac8300ba41968269087257dca7d4f9.jpg
romane-james,39,039-syrga_dif-4568834857adf46500df36b2972782f3.jpg,2000,787786,https://static-cdn4-2.vigbo.tech/u169129/128930/blog/6843537/6677466/87736044/2000-syrga_dif-4568834857adf46500df36b2972782f3.jpg
romane-james,42,042-syrga_dif-d0e21d1cfa8705bac6e9d128dd7ae93d.jpg,2000,975389,https://static-cdn4-2.vigbo.tech/u169129/128930/blog/6843537/6677466/87736044/2000-syrga_dif-d0e21d1cfa8705bac6e9d128dd7ae93d.jpg
romane-james,43,043-syrga_dif-56f8f397c3266672873bf1ab6b8d3cd6.jpg,2000,546148,https://static-cdn4-2.vigbo.tech/u169129/128930/blog/6843537/6677466/87736044/2000-syrga_dif-56f8f397c3266672873bf1ab6b8d3cd6.jpg
romane-james,45,045-syrga_dif-569ff06852a20e12bf755df90345b411.jpg,2000,994452,https://static-cdn4-2.vigbo.tech/u169129/128930/blog/6843537/6677466/87736044/2000-syrga_dif-569ff06852a20e12bf755df90345b411.jpg
romane-james,44,044-syrga_dif-3768c0e619a755b6cc987c63559bce7f.jpg,2000,891158,https://static-cdn4-2.vigbo.tech/u169129/128930/blog/6843537/6677466/87736044/2000-syrga_dif-3768c0e619a755b6cc987c63559bce7f.jpg
romane-james,47,047-syrga_dif-6e5be37598970f1d999d5b4d8758959b.jpg,2000,647643,https://static-cdn4-2.vigbo.tech/u169129/128930/blog/6843537/6677466/87736044/2000-syrga_dif-6e5be37598970f1d999d5b4d8758959b.jpg
romane-james,46,046-syrga_dif-76ee4c11626cd50bfa9cd0d9fd9035ba.jpg,2000,921768,https://static-cdn4-2.vigbo.tech/u169129/128930/blog/6843537/6677466/87736044/2000-syrga_dif-76ee4c11626cd50bfa9cd0d9fd9035ba.jpg
lucie-philippe,1,001-feee402749ec9dc5d85e1ce8244392f7.jpg,orig,1087060,https://static-cdn4-2.vigbo.tech/u169129/128930/blog/6906705/6761461/section/feee402749ec9dc5d85e1ce8244392f7.jpg
romane-james,49,049-syrga_dif-07d50d45fa25b1be7f271dfc07cdf02f.jpg,2000,1067422,https://static-cdn4-2.vigbo.tech/u169129/128930/blog/6843537/6677466/87736044/2000-syrga_dif-07d50d45fa25b1be7f271dfc07cdf02f.jpg
romane-james,51,051-syrga_dif-bbe098f6772cba0e318dafebd56d76d2.jpg,2000,555206,https://static-cdn4-2.vigbo.tech/u169129/128930/blog/6843537/6677466/87736044/2000-syrga_dif-bbe098f6772cba0e318dafebd56d76d2.jpg
romane-james,50,050-syrga_dif-99d3d10c67dd05cbcc3a7a73a8d15825.jpg,2000,1029182,https://static-cdn4-2.vigbo.tech/u169129/128930/blog/6843537/6677466/87736044/2000-syrga_dif-99d3d10c67dd05cbcc3a7a73a8d15825.jpg
romane-james,48,048-syrga_dif-c81884f93c5e1443b5e2e748a7ab6e02.jpg,2000,1258694,https://static-cdn4-2.vigbo.tech/u169129/128930/blog/6843537/6677466/87736044/2000-syrga_dif-c81884f93c5e1443b5e2e748a7ab6e02.jpg
romane-james,52,052-syrga_dif-d13c92150001ff08f66592e1931d9163.jpg,2000,730801,https://static-cdn4-2.vigbo.tech/u169129/128930/blog/6843537/6677466/87736044/2000-syrga_dif-d13c92150001ff08f66592e1931d9163.jpg
lucie-philippe,3,003-syrga_dif-e038f643919e834346cb86a85bd47536.jpg,2000,3599294,https://static-cdn4-2.vigbo.tech/u169129/128930/blog/6906705/6761460/88830691/2000-syrga_dif-e038f643919e834346cb86a85bd47536.jpg
lucie-philippe,4,004-syrga_dif-57556f1446e8b06c2637e126bbaac4ed.jpg,2000,3773212,https://static-cdn4-2.vigbo.tech/u169129/128930/blog/6906705/6761460/88830691/2000-syrga_dif-57556f1446e8b06c2637e126bbaac4ed.jpg
lucie-philippe,2,002-syrga_dif-cba127dbcf087cbcbff7e49a005e37b8.jpg,2000,6409149,https://static-cdn4-2.vigbo.tech/u169129/128930/blog/6906705/6761460/88830691/2000-syrga_dif-cba127dbcf087cbcbff7e49a005e37b8.jpg
lucie-philippe,6,006-syrga_dif-66dbcb966cea6e9c921e06930d450e22.jpg,2000,4129885,https://static-cdn4-2.vigbo.tech/u169129/128930/blog/6906705/6761460/88830691/2000-syrga_dif-66dbcb966cea6e9c921e06930d450e22.jpg
lucie-philippe,5,005-syrga_dif-f9c7740d07dc35d1b105c80710d2a72d.jpg,2000,7455124,https://static-cdn4-2.vigbo.tech/u169129/128930/blog/6906705/6761460/88830691/2000-syrga_dif-f9c7740d07dc35d1b105c80710d2a72d.jpg
lucie-philippe,8,008-syrga_dif-afb44738da3fa82377af7e25d79885da.jpg,2000,3077471,https://static-cdn4-2.vigbo.tech/u169129/128930/blog/6906705/6761460/88830691/2000-syrga_dif-afb44738da3fa82377af7e25d79885da.jpg
lucie-philippe,10,010-syrga_dif-4899415f3397ac17d0d9c5ba760c0c15.jpg,2000,3693625,https://static-cdn4-2.vigbo.tech/u169129/128930/blog/6906705/6761460/88830691/2000-syrga_dif-4899415f3397ac17d0d9c5ba760c0c15.jpg
lucie-philippe,11,011-syrga_dif-517e765595aa48760bd2f087cbc1b99e.jpg,2000,3048847,https://static-cdn4-2.vigbo.tech/u169129/128930/blog/6906705/6761460/88830691/2000-syrga_dif-517e765595aa48760bd2f087cbc1b99e.jpg
lucie-philippe,9,009-syrga_dif-36196e3ef3d32ca632a2167d3b6ee650.jpg,2000,7900587,https://static-cdn4-2.vigbo.tech/u169129/128930/blog/6906705/6761460/88830691/2000-syrga_dif-36196e3ef3d32ca632a2167d3b6ee650.jpg
lucie-philippe,12,012-syrga_dif-af4f3f0b281aba4a782ce3c60267519a.jpg,2000,1909573,https://static-cdn4-2.vigbo.tech/u169129/128930/blog/6906705/6761460/88830691/2000-syrga_dif-af4f3f0b281aba4a782ce3c60267519a.jpg
lucie-philippe,13,013-syrga_dif-f8da9ba7f82b8cb4e0e5c987cf0ec77b.jpg,2000,1590528,https://static-cdn4-2.vigbo.tech/u169129/128930/blog/6906705/6761460/88830691/2000-syrga_dif-f8da9ba7f82b8cb4e0e5c987cf0ec77b.jpg
lucie-philippe,7,007-syrga_dif-28d208a6a792d8223cea9d8a83197277.jpg,2000,7550534,https://static-cdn4-2.vigbo.tech/u169129/128930/blog/6906705/6761460/88830691/2000-syrga_dif-28d208a6a792d8223cea9d8a83197277.jpg
lucie-philippe,14,014-syrga_dif-7e58709937640551f882f6b9598f3ba3.jpg,2000,3270600,https://static-cdn4-2.vigbo.tech/u169129/128930/blog/6906705/6761460/88830691/2000-syrga_dif-7e58709937640551f882f6b9598f3ba3.jpg
lucie-philippe,16,016-syrga_dif-1d7d7815ed044620f3c403e470ae4eb4.jpg,2000,3727440,https://static-cdn4-2.vigbo.tech/u169129/128930/blog/6906705/6761460/88830691/2000-syrga_dif-1d7d7815ed044620f3c403e470ae4eb4.jpg
lucie-philippe,17,017-syrga_dif-e77d2574d094235fdd4a323cdf79c392.jpg,2000,2339554,https://static-cdn4-2.vigbo.tech/u169129/128930/blog/6906705/6761460/88830691/2000-syrga_dif-e77d2574d094235fdd4a323cdf79c392.jpg
lucie-philippe,19,019-syrga_dif-0f6857d0318e47d837780c6fec2e3da3.jpg,2000,2612114,https://static-cdn4-2.vigbo.tech/u169129/128930/blog/6906705/6761460/88830691/2000-syrga_dif-0f6857d0318e47d837780c6fec2e3da3.jpg
lucie-philippe,15,015-syrga_dif-90571f9d77551d5103420c2769d3cf6f.jpg,2000,4315750,https://static-cdn4-2.vigbo.tech/u169129/128930/blog/6906705/6761460/88830691/2000-syrga_dif-90571f9d77551d5103420c2769d3cf6f.jpg
lucie-philippe,20,020-syrga_dif-7b540abfb34978190963993cc5549779.jpg,2000,3486588,https://static-cdn4-2.vigbo.tech/u169129/128930/blog/6906705/6761460/88830691/2000-syrga_dif-7b540abfb34978190963993cc5549779.jpg
lucie-philippe,21,021-syrga_dif-0ccb9ef944d1a2ac5cb63857ae32d327.jpg,2000,3024404,https://static-cdn4-2.vigbo.tech/u169129/128930/blog/6906705/6761460/88830691/2000-syrga_dif-0ccb9ef944d1a2ac5cb63857ae32d327.jpg
lucie-philippe,18,018-syrga_dif-d28eaab8528628ed66a7f9e957aca6eb.jpg,2000,5115053,https://static-cdn4-2.vigbo.tech/u169129/128930/blog/6906705/6761460/88830691/2000-syrga_dif-d28eaab8528628ed66a7f9e957aca6eb.jpg
lucie-philippe,23,023-syrga_dif-d8106ec1226c6e7307e9460df16b1677.jpg,2000,4280869,https://static-cdn4-2.vigbo.tech/u169129/128930/blog/6906705/6761460/88830691/2000-syrga_dif-d8106ec1226c6e7307e9460df16b1677.jpg
lucie-philippe,22,022-syrga_dif-53c4977c43372805d256d56b511546b4.jpg,2000,3870031,https://static-cdn4-2.vigbo.tech/u169129/128930/blog/6906705/6761460/88830691/2000-syrga_dif-53c4977c43372805d256d56b511546b4.jpg
lucie-philippe,24,024-syrga_dif-e85d4db5af94f427ae6a32bd53a7b78b.jpg,2000,4788824,https://static-cdn4-2.vigbo.tech/u169129/128930/blog/6906705/6761460/88830691/2000-syrga_dif-e85d4db5af94f427ae6a32bd53a7b78b.jpg
lucie-philippe,27,027-syrga_dif-6f62c3781f0832b7e69738fa72537b47.jpg,2000,1325563,https://static-cdn4-2.vigbo.tech/u169129/128930/blog/6906705/6761460/88830691/2000-syrga_dif-6f62c3781f0832b7e69738fa72537b47.jpg
lucie-philippe,25,025-syrga_dif-1cc64492371aaab5c6f4da7691a666c3.jpg,2000,5372451,https://static-cdn4-2.vigbo.tech/u169129/128930/blog/6906705/6761460/88830691/2000-syrga_dif-1cc64492371aaab5c6f4da7691a666c3.jpg
lucie-philippe,30,030-syrga_dif-c1b1235c92d512925a972418aa1cd0f7.jpg,2000,4275706,https://static-cdn4-2.vigbo.tech/u169129/128930/blog/6906705/6761460/88830691/2000-syrga_dif-c1b1235c92d512925a972418aa1cd0f7.jpg
lucie-philippe,28,028-syrga_dif-99bb20db2a83dc5c41479513a7f344d7.jpg,2000,5291582,https://static-cdn4-2.vigbo.tech/u169129/128930/blog/6906705/6761460/88830691/2000-syrga_dif-99bb20db2a83dc5c41479513a7f344d7.jpg
lucie-philippe,29,029-syrga_dif-d1baef0901d6fc968813d373c29660b1.jpg,2000,4220086,https://static-cdn4-2.vigbo.tech/u169129/128930/blog/6906705/6761460/88830691/2000-syrga_dif-d1baef0901d6fc968813d373c29660b1.jpg
lucie-philippe,31,031-syrga_dif-19da2b55d340f356d7982e6d60f8b158.jpg,2000,3464352,https://static-cdn4-2.vigbo.tech/u169129/128930/blog/6906705/6761460/88830691/2000-syrga_dif-19da2b55d340f356d7982e6d60f8b158.jpg
lucie-philippe,26,026-syrga_dif-82a37de37eab3f0df2a7dd962429c34d.jpg,2000,3533190,https://static-cdn4-2.vigbo.tech/u169129/128930/blog/6906705/6761460/88830691/2000-syrga_dif-82a37de37eab3f0df2a7dd962429c34d.jpg
lucie-philippe,33,033-syrga_dif-41527a094efa08ec938c89dfd8cdc3ab.jpg,2000,2242702,https://static-cdn4-2.vigbo.tech/u169129/128930/blog/6906705/6761460/88830691/2000-syrga_dif-41527a094efa08ec938c89dfd8cdc3ab.jpg
lucie-philippe,34,034-syrga_dif-64a2fb280284496ccc34ea7efdfa8e76.jpg,2000,1296576,https://static-cdn4-2.vigbo.tech/u169129/128930/blog/6906705/6761460/88830691/2000-syrga_dif-64a2fb280284496ccc34ea7efdfa8e76.jpg
lucie-philippe,32,032-syrga_dif-7ffb2371a6881609aa72aa3ec96715d9.jpg,2000,7483695,https://static-cdn4-2.vigbo.tech/u169129/128930/blog/6906705/6761460/88830691/2000-syrga_dif-7ffb2371a6881609aa72aa3ec96715d9.jpg
lucie-philippe,36,036-syrga_dif-b6349c375c7199e5a374217b1f1ebf3e.jpg,2000,1837733,https://static-cdn4-2.vigbo.tech/u169129/128930/blog/6906705/6761460/88830691/2000-syrga_dif-b6349c375c7199e5a374217b1f1ebf3e.jpg
lucie-philippe,37,037-syrga_dif-2553ace20e57b63738fde633a0af08a8.jpg,2000,7526782,https://static-cdn4-2.vigbo.tech/u169129/128930/blog/6906705/6761460/88830691/2000-syrga_dif-2553ace20e57b63738fde633a0af08a8.jpg
lucie-philippe,35,035-syrga_dif-bc1b1c434ebca7928d4486efa98b2f2e.jpg,2000,3375318,https://static-cdn4-2.vigbo.tech/u169129/128930/blog/6906705/6761460/88830691/2000-syrga_dif-bc1b1c434ebca7928d4486efa98b2f2e.jpg
lucie-philippe,40,040-syrga_dif-22c0022849ec32cbf3adeab9911c5618.jpg,2000,2112231,https://static-cdn4-2.vigbo.tech/u169129/128930/blog/6906705/6761460/88830691/2000-syrga_dif-22c0022849ec32cbf3adeab9911c5618.jpg
lucie-philippe,39,039-syrga_dif-f88684b34a0345deb789a5ac28988264.jpg,2000,3603507,https://static-cdn4-2.vigbo.tech/u169129/128930/blog/6906705/6761460/88830691/2000-syrga_dif-f88684b34a0345deb789a5ac28988264.jpg
lucie-philippe,41,041-syrga_dif-f3711e2d76ca06df27c3fc691e9c1723.jpg,2000,4663679,https://static-cdn4-2.vigbo.tech/u169129/128930/blog/6906705/6761460/88830691/2000-syrga_dif-f3711e2d76ca06df27c3fc691e9c1723.jpg
lucie-philippe,43,043-syrga_dif-8cc7887db50831c6b7d3f5879e9b7dd8.jpg,2000,5645260,https://static-cdn4-2.vigbo.tech/u169129/128930/blog/6906705/6761460/88830691/2000-syrga_dif-8cc7887db50831c6b7d3f5879e9b7dd8.jpg
lucie-philippe,42,042-syrga_dif-718cdb4a9839fec4d7163dcbda52bfb7.jpg,2000,1853244,https://static-cdn4-2.vigbo.tech/u169129/128930/blog/6906705/6761460/88830691/2000-syrga_dif-718cdb4a9839fec4d7163dcbda52bfb7.jpg
lucie-philippe,45,045-syrga_dif-cd9c09c06b60276d307ffb8ba336e0ab.jpg,2000,5061432,https://static-cdn4-2.vigbo.tech/u169129/128930/blog/6906705/6761460/88830691/2000-syrga_dif-cd9c09c06b60276d307ffb8ba336e0ab.jpg
lucie-philippe,44,044-syrga_dif-5a8672e6b92820b4d08d3e9ad53dc5f1.jpg,2000,4571349,https://static-cdn4-2.vigbo.tech/u169129/128930/blog/6906705/6761460/88830691/2000-syrga_dif-5a8672e6b92820b4d08d3e9ad53dc5f1.jpg
lucie-philippe,46,046-syrga_dif-bedcc56929ca7b5c085d9e3e9852d06d.jpg,2000,5316652,https://static-cdn4-2.vigbo.tech/u169129/128930/blog/6906705/6761460/88830691/2000-syrga_dif-bedcc56929ca7b5c085d9e3e9852d06d.jpg
jasmine-benoit,1,001-5c00a05cd31092d4faad129997b7a3ad.jpg,orig,1974192,https://static-cdn4-2.vigbo.tech/u169129/128930/blog/6865964/6707179/section/5c00a05cd31092d4faad129997b7a3ad.jpg
lucie-philippe,47,047-syrga_dif-a9a14355868ab619c224821634016b1c.jpg,2000,3162015,https://static-cdn4-2.vigbo.tech/u169129/128930/blog/6906705/6761460/88830691/2000-syrga_dif-a9a14355868ab619c224821634016b1c.jpg
jasmine-benoit,2,002-syrga_dif-6d6dc12e6f488db4eee1e01a72a78787.jpg,2000,478758,https://static-cdn4-2.vigbo.tech/u169129/128930/blog/6865964/6707178/88125657/2000-syrga_dif-6d6dc12e6f488db4eee1e01a72a78787.jpg
jasmine-benoit,3,003-syrga_dif-7001ced5945a87f6fdb61ad29657d5dd.jpg,2000,314830,https://static-cdn4-2.vigbo.tech/u169129/128930/blog/6865964/6707178/88125657/2000-syrga_dif-7001ced5945a87f6fdb61ad29657d5dd.jpg
jasmine-benoit,4,004-syrga_dif-590829a462cc3b45d56bd7f6279e13d9.jpg,2000,667847,https://static-cdn4-2.vigbo.tech/u169129/128930/blog/6865964/6707178/88125657/2000-syrga_dif-590829a462cc3b45d56bd7f6279e13d9.jpg
lucie-philippe,48,048-syrga_dif-8b3d8fb9c626219aaccc84d9b017f354.jpg,2000,4735802,https://static-cdn4-2.vigbo.tech/u169129/128930/blog/6906705/6761460/88830691/2000-syrga_dif-8b3d8fb9c626219aaccc84d9b017f354.jpg
jasmine-benoit,8,008-syrga_dif-96bff0cf684f5ccb639174188ba1d1a7.jpg,2000,486615,https://static-cdn4-2.vigbo.tech/u169129/128930/blog/6865964/6707178/88125657/2000-syrga_dif-96bff0cf684f5ccb639174188ba1d1a7.jpg
jasmine-benoit,7,007-syrga_dif-486b34a6e20b00dc325bc268c4aa907b.jpg,2000,1269343,https://static-cdn4-2.vigbo.tech/u169129/128930/blog/6865964/6707178/88125657/2000-syrga_dif-486b34a6e20b00dc325bc268c4aa907b.jpg
jasmine-benoit,6,006-syrga_dif-9c8b8bc686423db5239323c5d38c6b63.jpg,2000,881977,https://static-cdn4-2.vigbo.tech/u169129/128930/blog/6865964/6707178/88125657/2000-syrga_dif-9c8b8bc686423db5239323c5d38c6b63.jpg
lucie-philippe,38,038-syrga_dif-b60edad8eacb2b7217f88bd4a7267965.jpg,2000,8605825,https://static-cdn4-2.vigbo.tech/u169129/128930/blog/6906705/6761460/88830691/2000-syrga_dif-b60edad8eacb2b7217f88bd4a7267965.jpg
jasmine-benoit,5,005-syrga_dif-49a06f53e842a47687d30a3ed8d8f0b7.jpg,2000,1206294,https://static-cdn4-2.vigbo.tech/u169129/128930/blog/6865964/6707178/88125657/2000-syrga_dif-49a06f53e842a47687d30a3ed8d8f0b7.jpg
jasmine-benoit,9,009-syrga_dif-f219e127f1b5620d29021ea117b25859.jpg,2000,442559,https://static-cdn4-2.vigbo.tech/u169129/128930/blog/6865964/6707178/88125657/2000-syrga_dif-f219e127f1b5620d29021ea117b25859.jpg
jasmine-benoit,10,010-syrga_dif-6621c01f7aa93ac762d2c764214d1cc0.jpg,2000,747367,https://static-cdn4-2.vigbo.tech/u169129/128930/blog/6865964/6707178/88125657/2000-syrga_dif-6621c01f7aa93ac762d2c764214d1cc0.jpg
jasmine-benoit,13,013-syrga_dif-aa9be2e3d9d7b15200fa5d92d8f3eb87.jpg,2000,474934,https://static-cdn4-2.vigbo.tech/u169129/128930/blog/6865964/6707178/88125657/2000-syrga_dif-aa9be2e3d9d7b15200fa5d92d8f3eb87.jpg
lucie-philippe,49,049-syrga_dif-d747236332296bc88945dc42be8b5d61.jpg,2000,6967919,https://static-cdn4-2.vigbo.tech/u169129/128930/blog/6906705/6761460/88830691/2000-syrga_dif-d747236332296bc88945dc42be8b5d61.jpg
jasmine-benoit,11,011-syrga_dif-e20a7b6fbcad5e2845b306ffc69f1d01.jpg,2000,1407404,https://static-cdn4-2.vigbo.tech/u169129/128930/blog/6865964/6707178/88125657/2000-syrga_dif-e20a7b6fbcad5e2845b306ffc69f1d01.jpg
jasmine-benoit,12,012-syrga_dif-43ea5f726232a3a18e44fc9ee7a1cbf4.jpg,2000,871256,https://static-cdn4-2.vigbo.tech/u169129/128930/blog/6865964/6707178/88125657/2000-syrga_dif-43ea5f726232a3a18e44fc9ee7a1cbf4.jpg
jasmine-benoit,14,014-syrga_dif-427eb8718d15e60b523579ac72d166f3.jpg,2000,637004,https://static-cdn4-2.vigbo.tech/u169129/128930/blog/6865964/6707178/88125657/2000-syrga_dif-427eb8718d15e60b523579ac72d166f3.jpg
jasmine-benoit,15,015-syrga_dif-3bf1526000ce683e545602ec32a69ae4.jpg,2000,1194943,https://static-cdn4-2.vigbo.tech/u169129/128930/blog/6865964/6707178/88125657/2000-syrga_dif-3bf1526000ce683e545602ec32a69ae4.jpg
jasmine-benoit,16,016-syrga_dif-280225f8d769d473fd65f21b27edf21e.jpg,2000,1074956,https://static-cdn4-2.vigbo.tech/u169129/128930/blog/6865964/6707178/88125657/2000-syrga_dif-280225f8d769d473fd65f21b27edf21e.jpg
jasmine-benoit,18,018-syrga_dif-917cd2498c5ed4517064ffeb929e20f8.jpg,2000,616619,https://static-cdn4-2.vigbo.tech/u169129/128930/blog/6865964/6707178/88125657/2000-syrga_dif-917cd2498c5ed4517064ffeb929e20f8.jpg
jasmine-benoit,17,017-syrga_dif-c7148b04c420705837a1be188d4fc80c.jpg,2000,721806,https://static-cdn4-2.vigbo.tech/u169129/128930/blog/6865964/6707178/88125657/2000-syrga_dif-c7148b04c420705837a1be188d4fc80c.jpg
jasmine-benoit,22,022-syrga_dif-9b276a2ee114a5405e7285614d57d814.jpg,2000,699745,https://static-cdn4-2.vigbo.tech/u169129/128930/blog/6865964/6707178/88125657/2000-syrga_dif-9b276a2ee114a5405e7285614d57d814.jpg
jasmine-benoit,21,021-syrga_dif-1a321d9b99316d55a259eed1683b1e75.jpg,2000,434554,https://static-cdn4-2.vigbo.tech/u169129/128930/blog/6865964/6707178/88125657/2000-syrga_dif-1a321d9b99316d55a259eed1683b1e75.jpg
jasmine-benoit,20,020-syrga_dif-37c2fd8f6ff916dc4c6390d15bc3bdf7.jpg,2000,919645,https://static-cdn4-2.vigbo.tech/u169129/128930/blog/6865964/6707178/88125657/2000-syrga_dif-37c2fd8f6ff916dc4c6390d15bc3bdf7.jpg
jasmine-benoit,19,019-syrga_dif-eb437c21a74d06ba5ee1fe600efed10b.jpg,2000,617993,https://static-cdn4-2.vigbo.tech/u169129/128930/blog/6865964/6707178/88125657/2000-syrga_dif-eb437c21a74d06ba5ee1fe600efed10b.jpg
jasmine-benoit,24,024-syrga_dif-8b5673a3b973c1fb1adfed1926f35e25.jpg,2000,1441882,https://static-cdn4-2.vigbo.tech/u169129/128930/blog/6865964/6707178/88125657/2000-syrga_dif-8b5673a3b973c1fb1adfed1926f35e25.jpg
jasmine-benoit,25,025-syrga_dif-825215b013b183d53a8c5ca4ca6539c1.jpg,2000,852708,https://static-cdn4-2.vigbo.tech/u169129/128930/blog/6865964/6707178/88125657/2000-syrga_dif-825215b013b183d53a8c5ca4ca6539c1.jpg
jasmine-benoit,23,023-syrga_dif-55a73cdb5814e77478e8c37fc471696e.jpg,2000,1226045,https://static-cdn4-2.vigbo.tech/u169129/128930/blog/6865964/6707178/88125657/2000-syrga_dif-55a73cdb5814e77478e8c37fc471696e.jpg
jasmine-benoit,26,026-syrga_dif-c33fe442ba46c28f5d65f90e756f49b3.jpg,2000,665928,https://static-cdn4-2.vigbo.tech/u169129/128930/blog/6865964/6707178/88125657/2000-syrga_dif-c33fe442ba46c28f5d65f90e756f49b3.jpg
jasmine-benoit,31,031-syrga_dif-64f5558bfe3c9d58da24fb8da68d4110.jpg,2000,522943,https://static-cdn4-2.vigbo.tech/u169129/128930/blog/6865964/6707178/88125657/2000-syrga_dif-64f5558bfe3c9d58da24fb8da68d4110.jpg
jasmine-benoit,29,029-syrga_dif-8a66b1a1e5c930169e6fed253e38af3e.jpg,2000,756530,https://static-cdn4-2.vigbo.tech/u169129/128930/blog/6865964/6707178/88125657/2000-syrga_dif-8a66b1a1e5c930169e6fed253e38af3e.jpg
jasmine-benoit,27,027-syrga_dif-6b80b7e69734d5d502b3b4fe2e46bafc.jpg,2000,937700,https://static-cdn4-2.vigbo.tech/u169129/128930/blog/6865964/6707178/88125657/2000-syrga_dif-6b80b7e69734d5d502b3b4fe2e46bafc.jpg
jasmine-benoit,32,032-syrga_dif-7fa60cd08218f37414565cdeddd3d7ad.jpg,2000,862357,https://static-cdn4-2.vigbo.tech/u169129/128930/blog/6865964/6707178/88125657/2000-syrga_dif-7fa60cd08218f37414565cdeddd3d7ad.jpg
jasmine-benoit,28,028-syrga_dif-0915ad5ff0c06831de053088920e85b0.jpg,2000,739772,https://static-cdn4-2.vigbo.tech/u169129/128930/blog/6865964/6707178/88125657/2000-syrga_dif-0915ad5ff0c06831de053088920e85b0.jpg
jasmine-benoit,33,033-syrga_dif-90eec1d0a224e08d14c62efd045d07e4.jpg,2000,965028,https://static-cdn4-2.vigbo.tech/u169129/128930/blog/6865964/6707178/88125657/2000-syrga_dif-90eec1d0a224e08d14c62efd045d07e4.jpg
jasmine-benoit,34,034-syrga_dif-c8d086941ee8deb2a46f189f0ca4654f.jpg,2000,600428,https://static-cdn4-2.vigbo.tech/u169129/128930/blog/6865964/6707178/88125657/2000-syrga_dif-c8d086941ee8deb2a46f189f0ca4654f.jpg
jasmine-benoit,36,036-syrga_dif-8027eea905c1690b79497ae414367916.jpg,2000,454468,https://static-cdn4-2.vigbo.tech/u169129/128930/blog/6865964/6707178/88125657/2000-syrga_dif-8027eea905c1690b79497ae414367916.jpg
jasmine-benoit,30,030-syrga_dif-0507c7d918174df22f12d63098a96668.jpg,2000,920669,https://static-cdn4-2.vigbo.tech/u169129/128930/blog/6865964/6707178/88125657/2000-syrga_dif-0507c7d918174df22f12d63098a96668.jpg
jasmine-benoit,37,037-syrga_dif-1575772eab8854bad3a14272b7495ff0.jpg,2000,510264,https://static-cdn4-2.vigbo.tech/u169129/128930/blog/6865964/6707178/88125657/2000-syrga_dif-1575772eab8854bad3a14272b7495ff0.jpg
jasmine-benoit,35,035-syrga_dif-fbf2607922315c3bc40da3594aa76320.jpg,2000,501590,https://static-cdn4-2.vigbo.tech/u169129/128930/blog/6865964/6707178/88125657/2000-syrga_dif-fbf2607922315c3bc40da3594aa76320.jpg
jasmine-benoit,38,038-syrga_dif-411e40d06ef456f8876ec0bf6c061e76.jpg,2000,1097494,https://static-cdn4-2.vigbo.tech/u169129/128930/blog/6865964/6707178/88125657/2000-syrga_dif-411e40d06ef456f8876ec0bf6c061e76.jpg
jasmine-benoit,39,039-syrga_dif-cb47f3693406c8b865edfa4428b8d8d6.jpg,2000,468920,https://static-cdn4-2.vigbo.tech/u169129/128930/blog/6865964/6707178/88125657/2000-syrga_dif-cb47f3693406c8b865edfa4428b8d8d6.jpg
jasmine-benoit,41,041-syrga_dif-6aa5abc6a5da612bf528ebff46bdeb08.jpg,2000,1186071,https://static-cdn4-2.vigbo.tech/u169129/128930/blog/6865964/6707178/88125657/2000-syrga_dif-6aa5abc6a5da612bf528ebff46bdeb08.jpg
jasmine-benoit,42,042-syrga_dif-53e918ab58d908986855fe1e646b3349.jpg,2000,637699,https://static-cdn4-2.vigbo.tech/u169129/128930/blog/6865964/6707178/88125657/2000-syrga_dif-53e918ab58d908986855fe1e646b3349.jpg
jasmine-benoit,44,044-syrga_dif-1f84f2996a8bba5fe651c8d14f91a885.jpg,2000,1060867,https://static-cdn4-2.vigbo.tech/u169129/128930/blog/6865964/6707178/88125657/2000-syrga_dif-1f84f2996a8bba5fe651c8d14f91a885.jpg
jasmine-benoit,43,043-syrga_dif-de0c0962d87063b080f0702e7a77ef5f.jpg,2000,961938,https://static-cdn4-2.vigbo.tech/u169129/128930/blog/6865964/6707178/88125657/2000-syrga_dif-de0c0962d87063b080f0702e7a77ef5f.jpg
jasmine-benoit,40,040-syrga_dif-edc246cfb1630321f7283a79ad562697.jpg,2000,683874,https://static-cdn4-2.vigbo.tech/u169129/128930/blog/6865964/6707178/88125657/2000-syrga_dif-edc246cfb1630321f7283a79ad562697.jpg
jasmine-benoit,45,045-syrga_dif-25552b4d9059848ceba351cca7a1053b.jpg,2000,660876,https://static-cdn4-2.vigbo.tech/u169129/128930/blog/6865964/6707178/88125657/2000-syrga_dif-25552b4d9059848ceba351cca7a1053b.jpg
jasmine-benoit,46,046-syrga_dif-3492f2fd86b3b13828434bc8faf3f899.jpg,2000,1163480,https://static-cdn4-2.vigbo.tech/u169129/128930/blog/6865964/6707178/88125657/2000-syrga_dif-3492f2fd86b3b13828434bc8faf3f899.jpg
jasmine-benoit,47,047-syrga_dif-8c54afb0c426fee8a02f344f61802436.jpg,2000,1139522,https://static-cdn4-2.vigbo.tech/u169129/128930/blog/6865964/6707178/88125657/2000-syrga_dif-8c54afb0c426fee8a02f344f61802436.jpg
jasmine-benoit,49,049-syrga_dif-cb0893199d49480dfe425bbcc13b517c.jpg,2000,959718,https://static-cdn4-2.vigbo.tech/u169129/128930/blog/6865964/6707178/88125657/2000-syrga_dif-cb0893199d49480dfe425bbcc13b517c.jpg
jasmine-benoit,48,048-syrga_dif-fb5968c853552486347d17dec9bababf.jpg,2000,1230205,https://static-cdn4-2.vigbo.tech/u169129/128930/blog/6865964/6707178/88125657/2000-syrga_dif-fb5968c853552486347d17dec9bababf.jpg
anastasia-quentin,1,001-d39ce02c003877897dd1a04f3008821f.jpg,orig,348836,https://static-cdn4-2.vigbo.tech/u169129/128930/blog/7921118/7876118/section/d39ce02c003877897dd1a04f3008821f.jpg
jasmine-benoit,51,051-syrga_dif-e7dc15e5c58065c8fb8657b42a393a45.jpg,2000,786218,https://static-cdn4-2.vigbo.tech/u169129/128930/blog/6865964/6707178/88125657/2000-syrga_dif-e7dc15e5c58065c8fb8657b42a393a45.jpg
jasmine-benoit,52,052-syrga_dif-ee4ffe1c07ca8c93743cc47baf5eb424.jpg,2000,694049,https://static-cdn4-2.vigbo.tech/u169129/128930/blog/6865964/6707178/88125657/2000-syrga_dif-ee4ffe1c07ca8c93743cc47baf5eb424.jpg
anastasia-quentin,2,002-syrga_dif-992c097436904f7c86628263abc0c4ba.jpg,2000,445726,https://static-cdn4-2.vigbo.tech/u169129/128930/blog/7921118/7876116/103190608/2000-syrga_dif-992c097436904f7c86628263abc0c4ba.jpg
anastasia-quentin,3,003-syrga_dif-0a039be2f29d85e5d13055be0b37d7cd.jpg,2000,604050,https://static-cdn4-2.vigbo.tech/u169129/128930/blog/7921118/7876116/103190608/2000-syrga_dif-0a039be2f29d85e5d13055be0b37d7cd.jpg
jasmine-benoit,50,050-syrga_dif-2045ed40343ea15c5f5b07a0d7fda742.jpg,2000,1436449,https://static-cdn4-2.vigbo.tech/u169129/128930/blog/6865964/6707178/88125657/2000-syrga_dif-2045ed40343ea15c5f5b07a0d7fda742.jpg
jasmine-benoit,53,053-syrga_dif-38f58ab2c900346061c11a1a5b78a562.jpg,2000,982873,https://static-cdn4-2.vigbo.tech/u169129/128930/blog/6865964/6707178/88125657/2000-syrga_dif-38f58ab2c900346061c11a1a5b78a562.jpg
anastasia-quentin,5,005-syrga_dif-4ae6d959aee15603493e4f7f7dd71485.jpg,2000,450014,https://static-cdn4-2.vigbo.tech/u169129/128930/blog/7921118/7876116/103190608/2000-syrga_dif-4ae6d959aee15603493e4f7f7dd71485.jpg
anastasia-quentin,6,006-syrga_dif-5729247719abaaf786884baa7b55dc1f.jpg,2000,488263,https://static-cdn4-2.vigbo.tech/u169129/128930/blog/7921118/7876116/103190608/2000-syrga_dif-5729247719abaaf786884baa7b55dc1f.jpg
anastasia-quentin,4,004-syrga_dif-dd67fa2c59dc766a8a3912f20f9bcf40.jpg,2000,307226,https://static-cdn4-2.vigbo.tech/u169129/128930/blog/7921118/7876116/103190608/2000-syrga_dif-dd67fa2c59dc766a8a3912f20f9bcf40.jpg
anastasia-quentin,8,008-syrga_dif-29fa6eba16ca5f5279244e5b188c3748.jpg,2000,636398,https://static-cdn4-2.vigbo.tech/u169129/128930/blog/7921118/7876116/103190608/2000-syrga_dif-29fa6eba16ca5f5279244e5b188c3748.jpg
anastasia-quentin,10,010-syrga_dif-ee52e384dccc18b1498e4f74c6368615.jpg,2000,809394,https://static-cdn4-2.vigbo.tech/u169129/128930/blog/7921118/7876116/103190608/2000-syrga_dif-ee52e384dccc18b1498e4f74c6368615.jpg
anastasia-quentin,11,011-syrga_dif-32240e089288d5a3bbe33f783851535d.jpg,2000,734790,https://static-cdn4-2.vigbo.tech/u169129/128930/blog/7921118/7876116/103190608/2000-syrga_dif-32240e089288d5a3bbe33f783851535d.jpg
anastasia-quentin,9,009-syrga_dif-0353f6c7189a2529b7442f4598483694.jpg,2000,583999,https://static-cdn4-2.vigbo.tech/u169129/128930/blog/7921118/7876116/103190608/2000-syrga_dif-0353f6c7189a2529b7442f4598483694.jpg
anastasia-quentin,7,007-syrga_dif-e047cb5e8087b0f656852ce16712dc9b.jpg,2000,766684,https://static-cdn4-2.vigbo.tech/u169129/128930/blog/7921118/7876116/103190608/2000-syrga_dif-e047cb5e8087b0f656852ce16712dc9b.jpg
anastasia-quentin,12,012-syrga_dif-000429fa53136ea34e80f39690fc315c.jpg,2000,833506,https://static-cdn4-2.vigbo.tech/u169129/128930/blog/7921118/7876116/103190608/2000-syrga_dif-000429fa53136ea34e80f39690fc315c.jpg
anastasia-quentin,13,013-syrga_dif-d52a5b270491653b7a267d756c99e7d6.jpg,2000,673184,https://static-cdn4-2.vigbo.tech/u169129/128930/blog/7921118/7876116/103190608/2000-syrga_dif-d52a5b270491653b7a267d756c99e7d6.jpg
anastasia-quentin,14,014-syrga_dif-f967f2ab159cc46dfe84cc7662fdda99.jpg,2000,513416,https://static-cdn4-2.vigbo.tech/u169129/128930/blog/7921118/7876116/103190608/2000-syrga_dif-f967f2ab159cc46dfe84cc7662fdda99.jpg
anastasia-quentin,15,015-syrga_dif-41a7ec86de22a13c1558721d6b5404ed.jpg,2000,914913,https://static-cdn4-2.vigbo.tech/u169129/128930/blog/7921118/7876116/103190608/2000-syrga_dif-41a7ec86de22a13c1558721d6b5404ed.jpg
anastasia-quentin,16,016-syrga_dif-1c06ca8bffd9105dbce755f2e55eae32.jpg,2000,814473,https://static-cdn4-2.vigbo.tech/u169129/128930/blog/7921118/7876116/103190608/2000-syrga_dif-1c06ca8bffd9105dbce755f2e55eae32.jpg
anastasia-quentin,19,019-syrga_dif-5b0fd42df36ef6a68a2a5943e564873e.jpg,2000,1368294,https://static-cdn4-2.vigbo.tech/u169129/128930/blog/7921118/7876116/103190608/2000-syrga_dif-5b0fd42df36ef6a68a2a5943e564873e.jpg
anastasia-quentin,18,018-syrga_dif-d30d27f8f8a7f25a1ee20cb0302caeee.jpg,2000,1069345,https://static-cdn4-2.vigbo.tech/u169129/128930/blog/7921118/7876116/103190608/2000-syrga_dif-d30d27f8f8a7f25a1ee20cb0302caeee.jpg
anastasia-quentin,20,020-syrga_dif-e1bcfcddb50e6d4ecc84a0e7638882cb.jpg,2000,1196874,https://static-cdn4-2.vigbo.tech/u169129/128930/blog/7921118/7876116/103190608/2000-syrga_dif-e1bcfcddb50e6d4ecc84a0e7638882cb.jpg
anastasia-quentin,21,021-syrga_dif-1c709fd2eab5bc27f0cfe848ee3d2bdc.jpg,2000,762818,https://static-cdn4-2.vigbo.tech/u169129/128930/blog/7921118/7876116/103190608/2000-syrga_dif-1c709fd2eab5bc27f0cfe848ee3d2bdc.jpg
anastasia-quentin,22,022-syrga_dif-e06ced5962207037f09ad07828ba3bda.jpg,2000,804418,https://static-cdn4-2.vigbo.tech/u169129/128930/blog/7921118/7876116/103190608/2000-syrga_dif-e06ced5962207037f09ad07828ba3bda.jpg
anastasia-quentin,17,017-syrga_dif-d5eec5dd0edbe3c5622b80c036b44cd8.jpg,2000,1264925,https://static-cdn4-2.vigbo.tech/u169129/128930/blog/7921118/7876116/103190608/2000-syrga_dif-d5eec5dd0edbe3c5622b80c036b44cd8.jpg
anastasia-quentin,23,023-syrga_dif-b3acc2cf9335f91b68128e44dea0fcbe.jpg,2000,1185215,https://static-cdn4-2.vigbo.tech/u169129/128930/blog/7921118/7876116/103190608/2000-syrga_dif-b3acc2cf9335f91b68128e44dea0fcbe.jpg
anastasia-quentin,24,024-syrga_dif-aa2a25c6c3397fefbce0b216407f50b3.jpg,2000,814608,https://static-cdn4-2.vigbo.tech/u169129/128930/blog/7921118/7876116/103190608/2000-syrga_dif-aa2a25c6c3397fefbce0b216407f50b3.jpg
anastasia-quentin,25,025-syrga_dif-c767dee2b284e0c0a909feebfa259845.jpg,2000,816379,https://static-cdn4-2.vigbo.tech/u169129/128930/blog/7921118/7876116/103190608/2000-syrga_dif-c767dee2b284e0c0a909feebfa259845.jpg
anastasia-quentin,28,028-syrga_dif-74179328d1da9167a0fb1352e35e16c3.jpg,2000,818280,https://static-cdn4-2.vigbo.tech/u169129/128930/blog/7921118/7876116/103190608/2000-syrga_dif-74179328d1da9167a0fb1352e35e16c3.jpg
anastasia-quentin,26,026-syrga_dif-ac0ef6c5140af5f6c7ba76a127125a16.jpg,2000,550971,https://static-cdn4-2.vigbo.tech/u169129/128930/blog/7921118/7876116/103190608/2000-syrga_dif-ac0ef6c5140af5f6c7ba76a127125a16.jpg
anastasia-quentin,29,029-syrga_dif-f63914c28619e0e0e996c8545b82b045.jpg,2000,1041892,https://static-cdn4-2.vigbo.tech/u169129/128930/blog/7921118/7876116/103190608/2000-syrga_dif-f63914c28619e0e0e996c8545b82b045.jpg
anastasia-quentin,27,027-syrga_dif-c00eda8cf41b7c6fb1cad97bada0f440.jpg,2000,744321,https://static-cdn4-2.vigbo.tech/u169129/128930/blog/7921118/7876116/103190608/2000-syrga_dif-c00eda8cf41b7c6fb1cad97bada0f440.jpg
anastasia-quentin,30,030-syrga_dif-2bdaf7c797301ed904f48dde7e7e9092.jpg,2000,1019668,https://static-cdn4-2.vigbo.tech/u169129/128930/blog/7921118/7876116/103190608/2000-syrga_dif-2bdaf7c797301ed904f48dde7e7e9092.jpg
anastasia-quentin,31,031-syrga_dif-646aa121e027f72bbf8b4e446b37e96e.jpg,2000,600502,https://static-cdn4-2.vigbo.tech/u169129/128930/blog/7921118/7876116/103190608/2000-syrga_dif-646aa121e027f72bbf8b4e446b37e96e.jpg
anastasia-quentin,32,032-syrga_dif-5d0c9a1abf2bd0e3322b59f226bca649.jpg,2000,486093,https://static-cdn4-2.vigbo.tech/u169129/128930/blog/7921118/7876116/103190608/2000-syrga_dif-5d0c9a1abf2bd0e3322b59f226bca649.jpg
anastasia-quentin,33,033-syrga_dif-69ac88a47fa107c2994fa4f550830c9f.jpg,2000,438510,https://static-cdn4-2.vigbo.tech/u169129/128930/blog/7921118/7876116/103190608/2000-syrga_dif-69ac88a47fa107c2994fa4f550830c9f.jpg
anastasia-quentin,34,034-syrga_dif-9cdc253103619f20ac2ed9f29e24da5e.jpg,2000,454682,https://static-cdn4-2.vigbo.tech/u169129/128930/blog/7921118/7876116/103190608/2000-syrga_dif-9cdc253103619f20ac2ed9f29e24da5e.jpg
anastasia-quentin,35,035-syrga_dif-5eaf5b797ddd76fabb60b32c78ab11ad.jpg,2000,448866,https://static-cdn4-2.vigbo.tech/u169129/128930/blog/7921118/7876116/103190608/2000-syrga_dif-5eaf5b797ddd76fabb60b32c78ab11ad.jpg
anastasia-quentin,37,037-syrga_dif-35e9b630a4e9456ef2b8947b47229f7e.jpg,2000,711703,https://static-cdn4-2.vigbo.tech/u169129/128930/blog/7921118/7876116/103190608/2000-syrga_dif-35e9b630a4e9456ef2b8947b47229f7e.jpg
anastasia-quentin,36,036-syrga_dif-2077b0091f2a0e63f0903fe28bb27e38.jpg,2000,1171087,https://static-cdn4-2.vigbo.tech/u169129/128930/blog/7921118/7876116/103190608/2000-syrga_dif-2077b0091f2a0e63f0903fe28bb27e38.jpg
anastasia-quentin,38,038-syrga_dif-882369fd116c400519b4d789846d4fe9.jpg,2000,583450,https://static-cdn4-2.vigbo.tech/u169129/128930/blog/7921118/7876116/103190608/2000-syrga_dif-882369fd116c400519b4d789846d4fe9.jpg
anastasia-quentin,41,041-syrga_dif-552d1bae99e039600c18f152993102b9.jpg,2000,1496934,https://static-cdn4-2.vigbo.tech/u169129/128930/blog/7921118/7876116/103190608/2000-syrga_dif-552d1bae99e039600c18f152993102b9.jpg
anastasia-quentin,39,039-syrga_dif-98a840b94cef8f25e8f6a75dcf19b189.jpg,2000,577963,https://static-cdn4-2.vigbo.tech/u169129/128930/blog/7921118/7876116/103190608/2000-syrga_dif-98a840b94cef8f25e8f6a75dcf19b189.jpg
anastasia-quentin,40,040-syrga_dif-7ba6b7e3a600f302720327f9d03d5c3b.jpg,2000,904281,https://static-cdn4-2.vigbo.tech/u169129/128930/blog/7921118/7876116/103190608/2000-syrga_dif-7ba6b7e3a600f302720327f9d03d5c3b.jpg
anastasia-quentin,42,042-syrga_dif-589fa26a48194bede70fd37fbf126079.jpg,2000,837600,https://static-cdn4-2.vigbo.tech/u169129/128930/blog/7921118/7876116/103190608/2000-syrga_dif-589fa26a48194bede70fd37fbf126079.jpg
anastasia-quentin,45,045-syrga_dif-cc5e67e037b3f5d2002357ff98b3b983.jpg,2000,863505,https://static-cdn4-2.vigbo.tech/u169129/128930/blog/7921118/7876116/103190608/2000-syrga_dif-cc5e67e037b3f5d2002357ff98b3b983.jpg
anastasia-quentin,44,044-syrga_dif-fc7f4d77801a4d4838d23903a8f38b87.jpg,2000,1358462,https://static-cdn4-2.vigbo.tech/u169129/128930/blog/7921118/7876116/103190608/2000-syrga_dif-fc7f4d77801a4d4838d23903a8f38b87.jpg
anastasia-quentin,46,046-syrga_dif-3f9ede6c0d8f745c464f439a240a7a25.jpg,2000,764937,https://static-cdn4-2.vigbo.tech/u169129/128930/blog/7921118/7876116/103190608/2000-syrga_dif-3f9ede6c0d8f745c464f439a240a7a25.jpg
anastasia-quentin,48,048-syrga_dif-fc3d1f72636c373edd4815e8f4765c03.jpg,2000,792089,https://static-cdn4-2.vigbo.tech/u169129/128930/blog/7921118/7876116/103190608/2000-syrga_dif-fc3d1f72636c373edd4815e8f4765c03.jpg
anastasia-quentin,47,047-syrga_dif-01c54348375b219564dc669c7b3c995d.jpg,2000,948158,https://static-cdn4-2.vigbo.tech/u169129/128930/blog/7921118/7876116/103190608/2000-syrga_dif-01c54348375b219564dc669c7b3c995d.jpg
anastasia-quentin,50,050-syrga_dif-25aaa8f17ebfcf040e2f1b62ab32a4bf.jpg,2000,953541,https://static-cdn4-2.vigbo.tech/u169129/128930/blog/7921118/7876116/103190608/2000-syrga_dif-25aaa8f17ebfcf040e2f1b62ab32a4bf.jpg
anastasia-quentin,51,051-syrga_dif-a05f403ca9c354c5262b07a9d9eb2fed.jpg,2000,762176,https://static-cdn4-2.vigbo.tech/u169129/128930/blog/7921118/7876116/103190608/2000-syrga_dif-a05f403ca9c354c5262b07a9d9eb2fed.jpg
anastasia-quentin,43,043-syrga_dif-c183451d4b78c4ff4ab2eed63297863b.jpg,2000,1229018,https://static-cdn4-2.vigbo.tech/u169129/128930/blog/7921118/7876116/103190608/2000-syrga_dif-c183451d4b78c4ff4ab2eed63297863b.jpg
anastasia-quentin,53,053-syrga_dif-fee6d32739a1238626c8b0145ec102b0.jpg,2000,985857,https://static-cdn4-2.vigbo.tech/u169129/128930/blog/7921118/7876116/103190608/2000-syrga_dif-fee6d32739a1238626c8b0145ec102b0.jpg
anastasia-quentin,52,052-syrga_dif-6b0dd5c2c25c4c50ac4ef9db7f53423e.jpg,2000,490170,https://static-cdn4-2.vigbo.tech/u169129/128930/blog/7921118/7876116/103190608/2000-syrga_dif-6b0dd5c2c25c4c50ac4ef9db7f53423e.jpg
anastasia-quentin,49,049-syrga_dif-53699443e50c403a5c62f14bf0cac9be.jpg,2000,839871,https://static-cdn4-2.vigbo.tech/u169129/128930/blog/7921118/7876116/103190608/2000-syrga_dif-53699443e50c403a5c62f14bf0cac9be.jpg
anastasia-quentin,56,056-syrga_dif-48e5fd2c3b107136962868b1cfdd77fb.jpg,2000,486503,https://static-cdn4-2.vigbo.tech/u169129/128930/blog/7921118/7876116/103190608/2000-syrga_dif-48e5fd2c3b107136962868b1cfdd77fb.jpg
anastasia-quentin,54,054-syrga_dif-d41f494405f5595169369c4e57b82abe.jpg,2000,1078622,https://static-cdn4-2.vigbo.tech/u169129/128930/blog/7921118/7876116/103190608/2000-syrga_dif-d41f494405f5595169369c4e57b82abe.jpg
anastasia-quentin,55,055-syrga_dif-392bee83a418c4a1aa42f0560e0d90d8.jpg,2000,601844,https://static-cdn4-2.vigbo.tech/u169129/128930/blog/7921118/7876116/103190608/2000-syrga_dif-392bee83a418c4a1aa42f0560e0d90d8.jpg
anastasia-quentin,57,057-syrga_dif-cb9faf544c07d7862c56d2aff81ed6f6.jpg,2000,479150,https://static-cdn4-2.vigbo.tech/u169129/128930/blog/7921118/7876116/103190608/2000-syrga_dif-cb9faf544c07d7862c56d2aff81ed6f6.jpg
marie-guillaume,1,001-8414d1371bb1779084a35ba896f21127.jpg,orig,6361532,https://static-cdn4-2.vigbo.tech/u169129/128930/blog/7921120/7876124/section/8414d1371bb1779084a35ba896f21127.jpg
marie-guillaume,3,003-syrga_dif-ee140c15d32c2e979ebd2f76d9b645bf.jpg,2000,4638816,https://static-cdn4-2.vigbo.tech/u169129/128930/blog/7921120/7876120/103190648/2000-syrga_dif-ee140c15d32c2e979ebd2f76d9b645bf.jpg
marie-guillaume,2,002-syrga_dif-932ac5dcf93095328c2e184cffd8d582.jpg,2000,7033943,https://static-cdn4-2.vigbo.tech/u169129/128930/blog/7921120/7876120/103190648/2000-syrga_dif-932ac5dcf93095328c2e184cffd8d582.jpg
marie-guillaume,5,005-syrga_dif-3eb8f6f3635d3bbdf4e5b1226c902f07.jpg,2000,3700659,https://static-cdn4-2.vigbo.tech/u169129/128930/blog/7921120/7876120/103190648/2000-syrga_dif-3eb8f6f3635d3bbdf4e5b1226c902f07.jpg
marie-guillaume,4,004-syrga_dif-7dacefb18d6e386d94c96608d6c4c13a.jpg,2000,5859553,https://static-cdn4-2.vigbo.tech/u169129/128930/blog/7921120/7876120/103190648/2000-syrga_dif-7dacefb18d6e386d94c96608d6c4c13a.jpg
marie-guillaume,6,006-syrga_dif-385e5016e91df74f598c5bd3004ea26c.jpg,2000,4269286,https://static-cdn4-2.vigbo.tech/u169129/128930/blog/7921120/7876120/103190648/2000-syrga_dif-385e5016e91df74f598c5bd3004ea26c.jpg
marie-guillaume,8,008-syrga_dif-e9e1a87435b04686d535a7f59cecf008.jpg,2000,1296854,https://static-cdn4-2.vigbo.tech/u169129/128930/blog/7921120/7876120/103190648/2000-syrga_dif-e9e1a87435b04686d535a7f59cecf008.jpg
marie-guillaume,9,009-syrga_dif-ff06a7182ff1e708050ccac92c0a90f0.jpg,2000,1868998,https://static-cdn4-2.vigbo.tech/u169129/128930/blog/7921120/7876120/103190648/2000-syrga_dif-ff06a7182ff1e708050ccac92c0a90f0.jpg
marie-guillaume,7,007-syrga_dif-414e7844b447a6972ecc4f4975abaa3c.jpg,2000,2979675,https://static-cdn4-2.vigbo.tech/u169129/128930/blog/7921120/7876120/103190648/2000-syrga_dif-414e7844b447a6972ecc4f4975abaa3c.jpg
marie-guillaume,10,010-syrga_dif-8ee66fa57db843e3946b505b2c9c8ab5.jpg,2000,4030272,https://static-cdn4-2.vigbo.tech/u169129/128930/blog/7921120/7876120/103190648/2000-syrga_dif-8ee66fa57db843e3946b505b2c9c8ab5.jpg
marie-guillaume,14,014-syrga_dif-e15ee67247a8388bc10aa95ea80db7cd.jpg,2000,1393168,https://static-cdn4-2.vigbo.tech/u169129/128930/blog/7921120/7876120/103190648/2000-syrga_dif-e15ee67247a8388bc10aa95ea80db7cd.jpg
marie-guillaume,15,015-syrga_dif-9013628308a68d0b4886f4f186594841.jpg,2000,4118593,https://static-cdn4-2.vigbo.tech/u169129/128930/blog/7921120/7876120/103190648/2000-syrga_dif-9013628308a68d0b4886f4f186594841.jpg
marie-guillaume,13,013-syrga_dif-ca18b23b4641c2d1d80c55bdba8b7bff.jpg,2000,3423922,https://static-cdn4-2.vigbo.tech/u169129/128930/blog/7921120/7876120/103190648/2000-syrga_dif-ca18b23b4641c2d1d80c55bdba8b7bff.jpg
marie-guillaume,11,011-syrga_dif-0d304c92b0e8a5ead153cc68f1c697da.jpg,2000,2976578,https://static-cdn4-2.vigbo.tech/u169129/128930/blog/7921120/7876120/103190648/2000-syrga_dif-0d304c92b0e8a5ead153cc68f1c697da.jpg
marie-guillaume,12,012-syrga_dif-3a0dfc7b7415c3452e7ceb6df54f165a.jpg,2000,3096926,https://static-cdn4-2.vigbo.tech/u169129/128930/blog/7921120/7876120/103190648/2000-syrga_dif-3a0dfc7b7415c3452e7ceb6df54f165a.jpg
marie-guillaume,16,016-syrga_dif-4409255144ddca5ba1b716c403c08dac.jpg,2000,3694711,https://static-cdn4-2.vigbo.tech/u169129/128930/blog/7921120/7876120/103190648/2000-syrga_dif-4409255144ddca5ba1b716c403c08dac.jpg
marie-guillaume,18,018-syrga_dif-4f037a9b1a80aeaef45ad59ae514c7de.jpg,2000,2691570,https://static-cdn4-2.vigbo.tech/u169129/128930/blog/7921120/7876120/103190648/2000-syrga_dif-4f037a9b1a80aeaef45ad59ae514c7de.jpg
marie-guillaume,19,019-syrga_dif-54397c36b43b751d6af79363fc1805e9.jpg,2000,3604037,https://static-cdn4-2.vigbo.tech/u169129/128930/blog/7921120/7876120/103190648/2000-syrga_dif-54397c36b43b751d6af79363fc1805e9.jpg
marie-guillaume,17,017-syrga_dif-c523bb471b479647ebddcc46a4e8e446.jpg,2000,3583410,https://static-cdn4-2.vigbo.tech/u169129/128930/blog/7921120/7876120/103190648/2000-syrga_dif-c523bb471b479647ebddcc46a4e8e446.jpg
marie-guillaume,20,020-syrga_dif-10d530448eea0226d3278054036f9e89.jpg,2000,2116550,https://static-cdn4-2.vigbo.tech/u169129/128930/blog/7921120/7876120/103190648/2000-syrga_dif-10d530448eea0226d3278054036f9e89.jpg
marie-guillaume,24,024-syrga_dif-3d32085e56df4a1528992538f38e67cb.jpg,2000,1451934,https://static-cdn4-2.vigbo.tech/u169129/128930/blog/7921120/7876120/103190648/2000-syrga_dif-3d32085e56df4a1528992538f38e67cb.jpg
marie-guillaume,25,025-syrga_dif-32b6fcd42555c0ebae77161a69a0af09.jpg,2000,1745804,https://static-cdn4-2.vigbo.tech/u169129/128930/blog/7921120/7876120/103190648/2000-syrga_dif-32b6fcd42555c0ebae77161a69a0af09.jpg
marie-guillaume,21,021-syrga_dif-1c2e6bda6e8740737a61cde219555f81.jpg,2000,5462628,https://static-cdn4-2.vigbo.tech/u169129/128930/blog/7921120/7876120/103190648/2000-syrga_dif-1c2e6bda6e8740737a61cde219555f81.jpg
marie-guillaume,23,023-syrga_dif-d481e1fe8520876a9ee8bf081a911770.jpg,2000,6891300,https://static-cdn4-2.vigbo.tech/u169129/128930/blog/7921120/7876120/103190648/2000-syrga_dif-d481e1fe8520876a9ee8bf081a911770.jpg
marie-guillaume,26,026-syrga_dif-ce1cda33050445460b0026a2bebafcfa.jpg,2000,6938713,https://static-cdn4-2.vigbo.tech/u169129/128930/blog/7921120/7876120/103190648/2000-syrga_dif-ce1cda33050445460b0026a2bebafcfa.jpg
marie-guillaume,22,022-syrga_dif-51099196a22ca7077193f02c66f11248.jpg,2000,5259455,https://static-cdn4-2.vigbo.tech/u169129/128930/blog/7921120/7876120/103190648/2000-syrga_dif-51099196a22ca7077193f02c66f11248.jpg
marie-guillaume,27,027-syrga_dif-c98dac8a9480b2740ffd485ca78c5f2f.jpg,2000,5811736,https://static-cdn4-2.vigbo.tech/u169129/128930/blog/7921120/7876120/103190648/2000-syrga_dif-c98dac8a9480b2740ffd485ca78c5f2f.jpg
marie-guillaume,30,030-syrga_dif-0d23d586260a7cca3d7d5b98def64533.jpg,2000,1386118,https://static-cdn4-2.vigbo.tech/u169129/128930/blog/7921120/7876120/103190648/2000-syrga_dif-0d23d586260a7cca3d7d5b98def64533.jpg
marie-guillaume,28,028-syrga_dif-9b692ed94c3cf650cfefbfd3aa243624.jpg,2000,2846578,https://static-cdn4-2.vigbo.tech/u169129/128930/blog/7921120/7876120/103190648/2000-syrga_dif-9b692ed94c3cf650cfefbfd3aa243624.jpg
marie-guillaume,29,029-syrga_dif-3b6aec0164e028a9447dd45970fdfdb6.jpg,2000,2513998,https://static-cdn4-2.vigbo.tech/u169129/128930/blog/7921120/7876120/103190648/2000-syrga_dif-3b6aec0164e028a9447dd45970fdfdb6.jpg
marie-guillaume,31,031-syrga_dif-d8c861b0188bb4cb663484720d816de2.jpg,2000,3413642,https://static-cdn4-2.vigbo.tech/u169129/128930/blog/7921120/7876120/103190648/2000-syrga_dif-d8c861b0188bb4cb663484720d816de2.jpg
marie-guillaume,35,035-syrga_dif-7cfd80a6edd2763f3aee0d19c1d6d538.jpg,2000,4789773,https://static-cdn4-2.vigbo.tech/u169129/128930/blog/7921120/7876120/103190648/2000-syrga_dif-7cfd80a6edd2763f3aee0d19c1d6d538.jpg
marie-guillaume,33,033-syrga_dif-8a55269c149add422e224f0c8d65fe04.jpg,2000,3564925,https://static-cdn4-2.vigbo.tech/u169129/128930/blog/7921120/7876120/103190648/2000-syrga_dif-8a55269c149add422e224f0c8d65fe04.jpg
marie-guillaume,32,032-syrga_dif-aeca7316f5427f882aa26dd5c3016b19.jpg,2000,6533951,https://static-cdn4-2.vigbo.tech/u169129/128930/blog/7921120/7876120/103190648/2000-syrga_dif-aeca7316f5427f882aa26dd5c3016b19.jpg
marie-guillaume,34,034-syrga_dif-adfd082f1039480f54f4ed8057446a7d.jpg,2000,5860328,https://static-cdn4-2.vigbo.tech/u169129/128930/blog/7921120/7876120/103190648/2000-syrga_dif-adfd082f1039480f54f4ed8057446a7d.jpg
marie-guillaume,36,036-syrga_dif-ec289fc1b63907c13520784ce4fab98e.jpg,2000,4508146,https://static-cdn4-2.vigbo.tech/u169129/128930/blog/7921120/7876120/103190648/2000-syrga_dif-ec289fc1b63907c13520784ce4fab98e.jpg
marie-guillaume,37,037-syrga_dif-96cb45f7966212ea71b6cfd6b9112eba.jpg,2000,4825020,https://static-cdn4-2.vigbo.tech/u169129/128930/blog/7921120/7876120/103190648/2000-syrga_dif-96cb45f7966212ea71b6cfd6b9112eba.jpg
marie-guillaume,41,041-syrga_dif-a5282164211cffb485c93bccbe038c3a.jpg,2000,3310042,https://static-cdn4-2.vigbo.tech/u169129/128930/blog/7921120/7876120/103190648/2000-syrga_dif-a5282164211cffb485c93bccbe038c3a.jpg
marie-guillaume,40,040-syrga_dif-f6b358e9d7843245acd5cc35dc64da4c.jpg,2000,1646476,https://static-cdn4-2.vigbo.tech/u169129/128930/blog/7921120/7876120/103190648/2000-syrga_dif-f6b358e9d7843245acd5cc35dc64da4c.jpg
marie-guillaume,39,039-syrga_dif-299667af36b52f2184c9fd57ad0d717e.jpg,2000,6081913,https://static-cdn4-2.vigbo.tech/u169129/128930/blog/7921120/7876120/103190648/2000-syrga_dif-299667af36b52f2184c9fd57ad0d717e.jpg
marie-guillaume,38,038-syrga_dif-4214d1ac6dfaecebde557f428be85b55.jpg,2000,3551345,https://static-cdn4-2.vigbo.tech/u169129/128930/blog/7921120/7876120/103190648/2000-syrga_dif-4214d1ac6dfaecebde557f428be85b55.jpg
marie-guillaume,43,043-syrga_dif-3828a9dab9d80a1ba0470db7bfc99253.jpg,2000,3055764,https://static-cdn4-2.vigbo.tech/u169129/128930/blog/7921120/7876120/103190648/2000-syrga_dif-3828a9dab9d80a1ba0470db7bfc99253.jpg
marie-guillaume,42,042-syrga_dif-19d8285d0cc81023bd89e5a969cc7a09.jpg,2000,6126296,https://static-cdn4-2.vigbo.tech/u169129/128930/blog/7921120/7876120/103190648/2000-syrga_dif-19d8285d0cc81023bd89e5a969cc7a09.jpg
marie-guillaume,44,044-syrga_dif-4e6c2d6f0c006a8d5ae4156f3c819719.jpg,2000,3948692,https://static-cdn4-2.vigbo.tech/u169129/128930/blog/7921120/7876120/103190648/2000-syrga_dif-4e6c2d6f0c006a8d5ae4156f3c819719.jpg
marie-guillaume,45,045-syrga_dif-0756ee3c18a9387fcb56b61deec95d86.jpg,2000,1982242,https://static-cdn4-2.vigbo.tech/u169129/128930/blog/7921120/7876120/103190648/2000-syrga_dif-0756ee3c18a9387fcb56b61deec95d86.jpg
marie-guillaume,46,046-syrga_dif-6fa31e935047be2f6b2cbf3879d5c8ff.jpg,2000,2335368,https://static-cdn4-2.vigbo.tech/u169129/128930/blog/7921120/7876120/103190648/2000-syrga_dif-6fa31e935047be2f6b2cbf3879d5c8ff.jpg
marie-guillaume,47,047-syrga_dif-601e3a2af8d5f4e01bdba284855700b3.jpg,2000,4447571,https://static-cdn4-2.vigbo.tech/u169129/128930/blog/7921120/7876120/103190648/2000-syrga_dif-601e3a2af8d5f4e01bdba284855700b3.jpg
marie-guillaume,49,049-syrga_dif-56366d949a378226df691f2463e5ca87.jpg,2000,1503566,https://static-cdn4-2.vigbo.tech/u169129/128930/blog/7921120/7876120/103190648/2000-syrga_dif-56366d949a378226df691f2463e5ca87.jpg
marie-guillaume,51,051-syrga_dif-0ce06c8c848e4b289d6a6e55069fbed3.jpg,2000,2235679,https://static-cdn4-2.vigbo.tech/u169129/128930/blog/7921120/7876120/103190648/2000-syrga_dif-0ce06c8c848e4b289d6a6e55069fbed3.jpg
marie-guillaume,50,050-syrga_dif-cc85be9fbed7bd5449b76b3bd7cbb558.jpg,2000,3867988,https://static-cdn4-2.vigbo.tech/u169129/128930/blog/7921120/7876120/103190648/2000-syrga_dif-cc85be9fbed7bd5449b76b3bd7cbb558.jpg
marie-guillaume,54,054-syrga_dif-baf9b8ff3e33c0a0f1b5d5524c7de2bf.jpg,2000,3728420,https://static-cdn4-2.vigbo.tech/u169129/128930/blog/7921120/7876120/103190648/2000-syrga_dif-baf9b8ff3e33c0a0f1b5d5524c7de2bf.jpg
marie-guillaume,53,053-syrga_dif-96be32178d74ef1c22a16b471d132179.jpg,2000,2554654,https://static-cdn4-2.vigbo.tech/u169129/128930/blog/7921120/7876120/103190648/2000-syrga_dif-96be32178d74ef1c22a16b471d132179.jpg
marie-guillaume,52,052-syrga_dif-e80469566d6d39da512facbff52f77f3.jpg,2000,6107799,https://static-cdn4-2.vigbo.tech/u169129/128930/blog/7921120/7876120/103190648/2000-syrga_dif-e80469566d6d39da512facbff52f77f3.jpg
marie-guillaume,55,055-syrga_dif-564941e74fe271c1e7cafb10b4511e2e.jpg,2000,4267714,https://static-cdn4-2.vigbo.tech/u169129/128930/blog/7921120/7876120/103190648/2000-syrga_dif-564941e74fe271c1e7cafb10b4511e2e.jpg
marie-guillaume,57,057-syrga_dif-43893205efa9f470a83711ab7189e366.jpg,2000,1866936,https://static-cdn4-2.vigbo.tech/u169129/128930/blog/7921120/7876120/103190648/2000-syrga_dif-43893205efa9f470a83711ab7189e366.jpg
marie-guillaume,48,048-syrga_dif-6b454da7b2667bb834267c36afa25aee.jpg,2000,2935089,https://static-cdn4-2.vigbo.tech/u169129/128930/blog/7921120/7876120/103190648/2000-syrga_dif-6b454da7b2667bb834267c36afa25aee.jpg
marie-guillaume,56,056-syrga_dif-46577fb2e79bc98f974afb552f77f51e.jpg,2000,5870422,https://static-cdn4-2.vigbo.tech/u169129/128930/blog/7921120/7876120/103190648/2000-syrga_dif-46577fb2e79bc98f974afb552f77f51e.jpg
marie-guillaume,58,058-syrga_dif-83000f8474f75879827af02b816228ba.jpg,2000,3199885,https://static-cdn4-2.vigbo.tech/u169129/128930/blog/7921120/7876120/103190648/2000-syrga_dif-83000f8474f75879827af02b816228ba.jpg
marie-guillaume,59,059-syrga_dif-d4e104a30d6282a1dc7ec3975892756c.jpg,2000,1514808,https://static-cdn4-2.vigbo.tech/u169129/128930/blog/7921120/7876120/103190648/2000-syrga_dif-d4e104a30d6282a1dc7ec3975892756c.jpg
marie-guillaume,60,060-syrga_dif-51ea1ff42c0a8916199efba5422993f7.jpg,2000,1565313,https://static-cdn4-2.vigbo.tech/u169129/128930/blog/7921120/7876120/103190648/2000-syrga_dif-51ea1ff42c0a8916199efba5422993f7.jpg
marie-guillaume,61,061-syrga_dif-bf0785dfcfbc946b3fedceb5417d19b7.jpg,2000,2589648,https://static-cdn4-2.vigbo.tech/u169129/128930/blog/7921120/7876120/103190648/2000-syrga_dif-bf0785dfcfbc946b3fedceb5417d19b7.jpg
laura-thomas,1,001-3668741b244491b4d6a6a82eec47966f.jpg,orig,3088482,https://static-cdn4-2.vigbo.tech/u169129/128930/blog/8302836/8387004/section/3668741b244491b4d6a6a82eec47966f.jpg
marie-guillaume,62,062-syrga_dif-e6d9fe729cfb7f266dded25cacd08b4e.jpg,2000,1616707,https://static-cdn4-2.vigbo.tech/u169129/128930/blog/7921120/7876120/103190648/2000-syrga_dif-e6d9fe729cfb7f266dded25cacd08b4e.jpg
laura-thomas,2,002-syrga_dif-65d1f2157fa867b735f8677d9c18f7c0.jpg,2000,4246443,https://static-cdn4-2.vigbo.tech/u169129/128930/blog/8302836/8387002/108253862/2000-syrga_dif-65d1f2157fa867b735f8677d9c18f7c0.jpg
laura-thomas,3,003-syrga_dif-e07e14a2ac70841b1f6a35fe2ef0d635.jpg,2000,2349349,https://static-cdn4-2.vigbo.tech/u169129/128930/blog/8302836/8387002/108253862/2000-syrga_dif-e07e14a2ac70841b1f6a35fe2ef0d635.jpg
laura-thomas,4,004-syrga_dif-e4c2c9b9c8a4abb5efad32e7324e2c61.jpg,2000,1988616,https://static-cdn4-2.vigbo.tech/u169129/128930/blog/8302836/8387002/108253862/2000-syrga_dif-e4c2c9b9c8a4abb5efad32e7324e2c61.jpg
laura-thomas,6,006-syrga_dif-ef9eff677cabce84c8065e9e2136cd0f.jpg,2000,1522532,https://static-cdn4-2.vigbo.tech/u169129/128930/blog/8302836/8387002/108253862/2000-syrga_dif-ef9eff677cabce84c8065e9e2136cd0f.jpg
laura-thomas,5,005-syrga_dif-9433054249e8c928802e5ef71a2be842.jpg,2000,2680215,https://static-cdn4-2.vigbo.tech/u169129/128930/blog/8302836/8387002/108253862/2000-syrga_dif-9433054249e8c928802e5ef71a2be842.jpg
laura-thomas,7,007-syrga_dif-22e5682fc67b3d4b6685fa52a272ca5b.jpg,2000,3732241,https://static-cdn4-2.vigbo.tech/u169129/128930/blog/8302836/8387002/108253862/2000-syrga_dif-22e5682fc67b3d4b6685fa52a272ca5b.jpg
laura-thomas,9,009-syrga_dif-536852cd3b7781e4e9f26fc0ecd7d965.jpg,2000,3742820,https://static-cdn4-2.vigbo.tech/u169129/128930/blog/8302836/8387002/108253862/2000-syrga_dif-536852cd3b7781e4e9f26fc0ecd7d965.jpg
laura-thomas,10,010-syrga_dif-a03934f95705bb2b46141a5b8d740924.jpg,2000,2753801,https://static-cdn4-2.vigbo.tech/u169129/128930/blog/8302836/8387002/108253862/2000-syrga_dif-a03934f95705bb2b46141a5b8d740924.jpg
laura-thomas,12,012-syrga_dif-d9fe63707045c751585e1491b5c0e746.jpg,2000,2228978,https://static-cdn4-2.vigbo.tech/u169129/128930/blog/8302836/8387002/108253862/2000-syrga_dif-d9fe63707045c751585e1491b5c0e746.jpg
laura-thomas,8,008-syrga_dif-b532233acd1b5a8752adee390182fbe7.jpg,2000,2556508,https://static-cdn4-2.vigbo.tech/u169129/128930/blog/8302836/8387002/108253862/2000-syrga_dif-b532233acd1b5a8752adee390182fbe7.jpg
laura-thomas,11,011-syrga_dif-0e5e513904afcac340b963632c17d4ba.jpg,2000,5789573,https://static-cdn4-2.vigbo.tech/u169129/128930/blog/8302836/8387002/108253862/2000-syrga_dif-0e5e513904afcac340b963632c17d4ba.jpg
laura-thomas,14,014-syrga_dif-2883bf18785593344381f7b19df1643b.jpg,2000,3291012,https://static-cdn4-2.vigbo.tech/u169129/128930/blog/8302836/8387002/108253862/2000-syrga_dif-2883bf18785593344381f7b19df1643b.jpg
laura-thomas,13,013-syrga_dif-b0854e52f3e566eac266c9fb70a72645.jpg,2000,4264631,https://static-cdn4-2.vigbo.tech/u169129/128930/blog/8302836/8387002/108253862/2000-syrga_dif-b0854e52f3e566eac266c9fb70a72645.jpg
laura-thomas,16,016-syrga_dif-aa879b760f26194322539b8dab7f144a.jpg,2000,1102508,https://static-cdn4-2.vigbo.tech/u169129/128930/blog/8302836/8387002/108253862/2000-syrga_dif-aa879b760f26194322539b8dab7f144a.jpg
laura-thomas,15,015-syrga_dif-826979ce7b938803092619aeb2397a56.jpg,2000,3848808,https://static-cdn4-2.vigbo.tech/u169129/128930/blog/8302836/8387002/108253862/2000-syrga_dif-826979ce7b938803092619aeb2397a56.jpg
laura-thomas,18,018-syrga_dif-09dfa07322f28becdfbc96336665184c.jpg,2000,2588142,https://static-cdn4-2.vigbo.tech/u169129/128930/blog/8302836/8387002/108253862/2000-syrga_dif-09dfa07322f28becdfbc96336665184c.jpg
laura-thomas,20,020-syrga_dif-c0818695f2700a74db4bd0a6711b5c43.jpg,2000,2022689,https://static-cdn4-2.vigbo.tech/u169129/128930/blog/8302836/8387002/108253862/2000-syrga_dif-c0818695f2700a74db4bd0a6711b5c43.jpg
laura-thomas,19,019-syrga_dif-b1d324f789d1ad716fc9e8cc97f35ffb.jpg,2000,4023065,https://static-cdn4-2.vigbo.tech/u169129/128930/blog/8302836/8387002/108253862/2000-syrga_dif-b1d324f789d1ad716fc9e8cc97f35ffb.jpg
laura-thomas,17,017-syrga_dif-9d463e4691a642e1f941ef2bfbe3586a.jpg,2000,2813224,https://static-cdn4-2.vigbo.tech/u169129/128930/blog/8302836/8387002/108253862/2000-syrga_dif-9d463e4691a642e1f941ef2bfbe3586a.jpg
laura-thomas,21,021-syrga_dif-3d338154ce30ad0562a954c0be1398d5.jpg,2000,3535011,https://static-cdn4-2.vigbo.tech/u169129/128930/blog/8302836/8387002/108253862/2000-syrga_dif-3d338154ce30ad0562a954c0be1398d5.jpg
laura-thomas,23,023-syrga_dif-16cfbaf982c9397b99d232fe8f49fd92.jpg,2000,2136069,https://static-cdn4-2.vigbo.tech/u169129/128930/blog/8302836/8387002/108253862/2000-syrga_dif-16cfbaf982c9397b99d232fe8f49fd92.jpg
laura-thomas,22,022-syrga_dif-2ae6cd4ce50dc8205ea38109e2dc45e3.jpg,2000,3586201,https://static-cdn4-2.vigbo.tech/u169129/128930/blog/8302836/8387002/108253862/2000-syrga_dif-2ae6cd4ce50dc8205ea38109e2dc45e3.jpg
laura-thomas,24,024-syrga_dif-84bd070a1f6ef8366cb226a5b39f50ef.jpg,2000,5762196,https://static-cdn4-2.vigbo.tech/u169129/128930/blog/8302836/8387002/108253862/2000-syrga_dif-84bd070a1f6ef8366cb226a5b39f50ef.jpg
laura-thomas,26,026-syrga_dif-86b87feba922a5b70eb3cdad421c1215.jpg,2000,3751460,https://static-cdn4-2.vigbo.tech/u169129/128930/blog/8302836/8387002/108253862/2000-syrga_dif-86b87feba922a5b70eb3cdad421c1215.jpg
laura-thomas,25,025-syrga_dif-3def01fd13d58cc54bdc3effb861a631.jpg,2000,3668393,https://static-cdn4-2.vigbo.tech/u169129/128930/blog/8302836/8387002/108253862/2000-syrga_dif-3def01fd13d58cc54bdc3effb861a631.jpg
laura-thomas,28,028-syrga_dif-46c34f19c1030fff9bafefec9b68f96d.jpg,2000,2955248,https://static-cdn4-2.vigbo.tech/u169129/128930/blog/8302836/8387002/108253862/2000-syrga_dif-46c34f19c1030fff9bafefec9b68f96d.jpg
laura-thomas,30,030-syrga_dif-381c7d08cccea6c789ff602ca8010049.jpg,2000,2158590,https://static-cdn4-2.vigbo.tech/u169129/128930/blog/8302836/8387002/108253862/2000-syrga_dif-381c7d08cccea6c789ff602ca8010049.jpg
laura-thomas,27,027-syrga_dif-ea4ac2b864743b4b9cab65bce423d251.jpg,2000,3331769,https://static-cdn4-2.vigbo.tech/u169129/128930/blog/8302836/8387002/108253862/2000-syrga_dif-ea4ac2b864743b4b9cab65bce423d251.jpg
laura-thomas,33,033-syrga_dif-bf239df4b284b0af174a3a7ac273e7d6.jpg,2000,2247621,https://static-cdn4-2.vigbo.tech/u169129/128930/blog/8302836/8387002/108253862/2000-syrga_dif-bf239df4b284b0af174a3a7ac273e7d6.jpg
laura-thomas,32,032-syrga_dif-c343089bf2d27594ee9871ca41843cd3.jpg,2000,2074491,https://static-cdn4-2.vigbo.tech/u169129/128930/blog/8302836/8387002/108253862/2000-syrga_dif-c343089bf2d27594ee9871ca41843cd3.jpg
laura-thomas,34,034-syrga_dif-b6624953fb32a6b81b59489147b228fb.jpg,2000,4132157,https://static-cdn4-2.vigbo.tech/u169129/128930/blog/8302836/8387002/108253862/2000-syrga_dif-b6624953fb32a6b81b59489147b228fb.jpg
laura-thomas,29,029-syrga_dif-6430c21c7d3ce7a08e2cfc84d0fca75f.jpg,2000,3496826,https://static-cdn4-2.vigbo.tech/u169129/128930/blog/8302836/8387002/108253862/2000-syrga_dif-6430c21c7d3ce7a08e2cfc84d0fca75f.jpg
laura-thomas,35,035-syrga_dif-e507eaec709b57073f140a40bd6b7f6c.jpg,2000,3200291,https://static-cdn4-2.vigbo.tech/u169129/128930/blog/8302836/8387002/108253862/2000-syrga_dif-e507eaec709b57073f140a40bd6b7f6c.jpg
laura-thomas,37,037-syrga_dif-5293784d0492d6439d2120fd040f9235.jpg,2000,2660296,https://static-cdn4-2.vigbo.tech/u169129/128930/blog/8302836/8387002/108253862/2000-syrga_dif-5293784d0492d6439d2120fd040f9235.jpg
laura-thomas,31,031-syrga_dif-473e96bcae54b39b7dd27ab0eb7624b8.jpg,2000,3301658,https://static-cdn4-2.vigbo.tech/u169129/128930/blog/8302836/8387002/108253862/2000-syrga_dif-473e96bcae54b39b7dd27ab0eb7624b8.jpg
laura-thomas,40,040-syrga_dif-c64e649766821c96a1e0a66383b42ea5.jpg,2000,2038317,https://static-cdn4-2.vigbo.tech/u169129/128930/blog/8302836/8387002/108253862/2000-syrga_dif-c64e649766821c96a1e0a66383b42ea5.jpg
laura-thomas,36,036-syrga_dif-1260f6949cea3ec712e4ad49a4863ed5.jpg,2000,3015556,https://static-cdn4-2.vigbo.tech/u169129/128930/blog/8302836/8387002/108253862/2000-syrga_dif-1260f6949cea3ec712e4ad49a4863ed5.jpg
laura-thomas,42,042-syrga_dif-ca34349db74372a23162020f4bafc6ef.jpg,2000,3299769,https://static-cdn4-2.vigbo.tech/u169129/128930/blog/8302836/8387002/108253862/2000-syrga_dif-ca34349db74372a23162020f4bafc6ef.jpg
laura-thomas,39,039-syrga_dif-ba9a19d62cd6b501fc86afd71dac3991.jpg,2000,3757751,https://static-cdn4-2.vigbo.tech/u169129/128930/blog/8302836/8387002/108253862/2000-syrga_dif-ba9a19d62cd6b501fc86afd71dac3991.jpg
laura-thomas,43,043-syrga_dif-5f524f3231f30273f3a231495d98f664.jpg,2000,2266510,https://static-cdn4-2.vigbo.tech/u169129/128930/blog/8302836/8387002/108253862/2000-syrga_dif-5f524f3231f30273f3a231495d98f664.jpg
laura-thomas,46,046-syrga_dif-a743c60cf69539c4b0a08bac7bb022af.jpg,2000,2738951,https://static-cdn4-2.vigbo.tech/u169129/128930/blog/8302836/8387002/108253862/2000-syrga_dif-a743c60cf69539c4b0a08bac7bb022af.jpg
laura-thomas,47,047-syrga_dif-2950a5de97638594b4c992aec643d3b4.jpg,2000,4290215,https://static-cdn4-2.vigbo.tech/u169129/128930/blog/8302836/8387002/108253862/2000-syrga_dif-2950a5de97638594b4c992aec643d3b4.jpg
laura-thomas,38,038-syrga_dif-b8711ec2256f924af8de0630de02d984.jpg,2000,2344218,https://static-cdn4-2.vigbo.tech/u169129/128930/blog/8302836/8387002/108253862/2000-syrga_dif-b8711ec2256f924af8de0630de02d984.jpg
laura-thomas,41,041-syrga_dif-3c8ff3165a14a8608ec68ab2c3582250.jpg,2000,3477555,https://static-cdn4-2.vigbo.tech/u169129/128930/blog/8302836/8387002/108253862/2000-syrga_dif-3c8ff3165a14a8608ec68ab2c3582250.jpg
laura-thomas,49,049-syrga_dif-6b42dcf8ef75ff0fb2d3cc420f70e588.jpg,2000,2012491,https://static-cdn4-2.vigbo.tech/u169129/128930/blog/8302836/8387002/108253862/2000-syrga_dif-6b42dcf8ef75ff0fb2d3cc420f70e588.jpg
laura-thomas,48,048-syrga_dif-d6183378eaef98561b3bbf60bc46c59b.jpg,2000,4783873,https://static-cdn4-2.vigbo.tech/u169129/128930/blog/8302836/8387002/108253862/2000-syrga_dif-d6183378eaef98561b3bbf60bc46c59b.jpg
laura-thomas,45,045-syrga_dif-21af19860fa3a775a338986ac135a6d9.jpg,2000,2865970,https://static-cdn4-2.vigbo.tech/u169129/128930/blog/8302836/8387002/108253862/2000-syrga_dif-21af19860fa3a775a338986ac135a6d9.jpg
laura-thomas,44,044-syrga_dif-4d5361f33e89f501aeab869025c2edcf.jpg,2000,2927957,https://static-cdn4-2.vigbo.tech/u169129/128930/blog/8302836/8387002/108253862/2000-syrga_dif-4d5361f33e89f501aeab869025c2edcf.jpg
laura-thomas,53,053-syrga_dif-3ebd2a41e8a366cb6c59b646d2bb13d3.jpg,2000,2459599,https://static-cdn4-2.vigbo.tech/u169129/128930/blog/8302836/8387002/108253862/2000-syrga_dif-3ebd2a41e8a366cb6c59b646d2bb13d3.jpg
laura-thomas,50,050-syrga_dif-c08346bce8c4b2ff036f88ccdf755067.jpg,2000,4033277,https://static-cdn4-2.vigbo.tech/u169129/128930/blog/8302836/8387002/108253862/2000-syrga_dif-c08346bce8c4b2ff036f88ccdf755067.jpg
laura-thomas,54,054-syrga_dif-984cb8685fa608782b0bfd8b13d24d87.jpg,2000,2108673,https://static-cdn4-2.vigbo.tech/u169129/128930/blog/8302836/8387002/108253862/2000-syrga_dif-984cb8685fa608782b0bfd8b13d24d87.jpg
laura-thomas,51,051-syrga_dif-a90b476bb634c9429dbfea60035edc8e.jpg,2000,3274774,https://static-cdn4-2.vigbo.tech/u169129/128930/blog/8302836/8387002/108253862/2000-syrga_dif-a90b476bb634c9429dbfea60035edc8e.jpg
laura-thomas,55,055-syrga_dif-e2487b18d591dd1ada68ab6a41614dfb.jpg,2000,2960702,https://static-cdn4-2.vigbo.tech/u169129/128930/blog/8302836/8387002/108253862/2000-syrga_dif-e2487b18d591dd1ada68ab6a41614dfb.jpg
laura-thomas,56,056-syrga_dif-7748605a000528969bacba46b2a19be2.jpg,2000,2470836,https://static-cdn4-2.vigbo.tech/u169129/128930/blog/8302836/8387002/108253862/2000-syrga_dif-7748605a000528969bacba46b2a19be2.jpg
laura-thomas,52,052-syrga_dif-271df7d16cc5a8b3aa80a2d97f368320.jpg,2000,2810120,https://static-cdn4-2.vigbo.tech/u169129/128930/blog/8302836/8387002/108253862/2000-syrga_dif-271df7d16cc5a8b3aa80a2d97f368320.jpg
laura-thomas,57,057-syrga_dif-15f0ae1d21c0672fea7c787178725fcf.jpg,2000,3292476,https://static-cdn4-2.vigbo.tech/u169129/128930/blog/8302836/8387002/108253862/2000-syrga_dif-15f0ae1d21c0672fea7c787178725fcf.jpg
lea-david,1,001-24812774b4b1f9d14cc5ac44682c5f61.jpg,orig,1719808,https://static-cdn4-2.vigbo.tech/u169129/128930/blog/6454537/6155938/section/24812774b4b1f9d14cc5ac44682c5f61.jpg
laura-thomas,58,058-syrga_dif-d177679fd736fdc40a4c7338c7eb14cc.jpg,2000,5385065,https://static-cdn4-2.vigbo.tech/u169129/128930/blog/8302836/8387002/108253862/2000-syrga_dif-d177679fd736fdc40a4c7338c7eb14cc.jpg
laura-thomas,59,059-syrga_dif-8f58502ff41cc6a2cbabe0ba0570d2cb.jpg,2000,3694482,https://static-cdn4-2.vigbo.tech/u169129/128930/blog/8302836/8387002/108253862/2000-syrga_dif-8f58502ff41cc6a2cbabe0ba0570d2cb.jpg
laura-thomas,61,061-syrga_dif-83966ba0e122c540ab97a965985a9ee2.jpg,2000,6537059,https://static-cdn4-2.vigbo.tech/u169129/128930/blog/8302836/8387002/108253862/2000-syrga_dif-83966ba0e122c540ab97a965985a9ee2.jpg
lea-david,2,002-6fae515c8e348b878afaa588c58663df.jpg,2000,1847032,https://static-cdn4-2.vigbo.tech/u169129/128930/blog/6454537/6155937/80923764/2000-6fae515c8e348b878afaa588c58663df.jpg
lea-david,4,004-edfe4b60351e9911af6aeb45e9820fe3.jpg,2000,1598320,https://static-cdn4-2.vigbo.tech/u169129/128930/blog/6454537/6155937/80923764/2000-edfe4b60351e9911af6aeb45e9820fe3.jpg
lea-david,3,003-6a35d7e7b6d25d7bded38ba5ff058f2a.jpg,2000,2886547,https://static-cdn4-2.vigbo.tech/u169129/128930/blog/6454537/6155937/80923764/2000-6a35d7e7b6d25d7bded38ba5ff058f2a.jpg
laura-thomas,60,060-syrga_dif-02e6709cf617f588edc5ad6e0913acec.jpg,2000,3979084,https://static-cdn4-2.vigbo.tech/u169129/128930/blog/8302836/8387002/108253862/2000-syrga_dif-02e6709cf617f588edc5ad6e0913acec.jpg
lea-david,5,005-a7e4a4c785cf01e702afefc443962f70.jpg,2000,1681276,https://static-cdn4-2.vigbo.tech/u169129/128930/blog/6454537/6155937/80923764/2000-a7e4a4c785cf01e702afefc443962f70.jpg
lea-david,10,010-6b98b05a5179d7829d7295ce58b347f8.jpg,2000,1777034,https://static-cdn4-2.vigbo.tech/u169129/128930/blog/6454537/6155937/80923764/2000-6b98b05a5179d7829d7295ce58b347f8.jpg
lea-david,8,008-f32f7886fbac0f2875c2cc1388e09eb5.jpg,2000,1555699,https://static-cdn4-2.vigbo.tech/u169129/128930/blog/6454537/6155937/80923764/2000-f32f7886fbac0f2875c2cc1388e09eb5.jpg
lea-david,7,007-f67f4bfb162de1f1deda58e64517eb33.jpg,2000,2010578,https://static-cdn4-2.vigbo.tech/u169129/128930/blog/6454537/6155937/80923764/2000-f67f4bfb162de1f1deda58e64517eb33.jpg
lea-david,6,006-7f04731c349dace36f8628c64480e5f4.jpg,2000,2166123,https://static-cdn4-2.vigbo.tech/u169129/128930/blog/6454537/6155937/80923764/2000-7f04731c349dace36f8628c64480e5f4.jpg
lea-david,9,009-e17667f8787b6b9002e6425df3431230.jpg,2000,1108938,https://static-cdn4-2.vigbo.tech/u169129/128930/blog/6454537/6155937/80923764/2000-e17667f8787b6b9002e6425df3431230.jpg
lea-david,12,012-de14b367448a5662f3c15065dcc38060.jpg,2000,1826941,https://static-cdn4-2.vigbo.tech/u169129/128930/blog/6454537/6155937/80923764/2000-de14b367448a5662f3c15065dcc38060.jpg
lea-david,11,011-de2689da37b1ce987ec03c84032297ce.jpg,2000,1826042,https://static-cdn4-2.vigbo.tech/u169129/128930/blog/6454537/6155937/80923764/2000-de2689da37b1ce987ec03c84032297ce.jpg
lea-david,13,013-2e429206153bb0ee1364ebe57bc7d472.jpg,2000,2473428,https://static-cdn4-2.vigbo.tech/u169129/128930/blog/6454537/6155937/80923764/2000-2e429206153bb0ee1364ebe57bc7d472.jpg
lea-david,14,014-de2888c50563b4ef206a61d46152fc6f.jpg,2000,2253982,https://static-cdn4-2.vigbo.tech/u169129/128930/blog/6454537/6155937/80923764/2000-de2888c50563b4ef206a61d46152fc6f.jpg
lea-david,15,015-026a4e271bf3258ddac84404fa35cd25.jpg,2000,2278941,https://static-cdn4-2.vigbo.tech/u169129/128930/blog/6454537/6155937/80923764/2000-026a4e271bf3258ddac84404fa35cd25.jpg
lea-david,17,017-d724765f97041cfbf509570a6757680a.jpg,2000,1491491,https://static-cdn4-2.vigbo.tech/u169129/128930/blog/6454537/6155937/80923764/2000-d724765f97041cfbf509570a6757680a.jpg
lea-david,16,016-23c47032543668911fcb4d53d85747c7.jpg,2000,2173093,https://static-cdn4-2.vigbo.tech/u169129/128930/blog/6454537/6155937/80923764/2000-23c47032543668911fcb4d53d85747c7.jpg
lea-david,19,019-4aa66bc19a300040c76ccbb4942d4aa9.jpg,2000,2554995,https://static-cdn4-2.vigbo.tech/u169129/128930/blog/6454537/6155937/80923764/2000-4aa66bc19a300040c76ccbb4942d4aa9.jpg
lea-david,20,020-808d362730e8fc74410d03ee1048684a.jpg,2000,1565284,https://static-cdn4-2.vigbo.tech/u169129/128930/blog/6454537/6155937/80923764/2000-808d362730e8fc74410d03ee1048684a.jpg
lea-david,21,021-2dfdba781536ba4db299767bce1210d9.jpg,2000,2145310,https://static-cdn4-2.vigbo.tech/u169129/128930/blog/6454537/6155937/80923764/2000-2dfdba781536ba4db299767bce1210d9.jpg
lea-david,24,024-4a10b5a1a2d565d625bd75f71d9cf582.jpg,2000,1246516,https://static-cdn4-2.vigbo.tech/u169129/128930/blog/6454537/6155937/80923764/2000-4a10b5a1a2d565d625bd75f71d9cf582.jpg
lea-david,18,018-bce83d8516dd8f650071e3b4b725cfbf.jpg,2000,2507500,https://static-cdn4-2.vigbo.tech/u169129/128930/blog/6454537/6155937/80923764/2000-bce83d8516dd8f650071e3b4b725cfbf.jpg
lea-david,23,023-26e1271bbafa4f8f0491f5aca059398b.jpg,2000,2075521,https://static-cdn4-2.vigbo.tech/u169129/128930/blog/6454537/6155937/80923764/2000-26e1271bbafa4f8f0491f5aca059398b.jpg
lea-david,22,022-2573f2cc6ffaf23663efb461853181f4.jpg,2000,2279666,https://static-cdn4-2.vigbo.tech/u169129/128930/blog/6454537/6155937/80923764/2000-2573f2cc6ffaf23663efb461853181f4.jpg
lea-david,26,026-5f7b789185004a6af4f7327971242e88.jpg,2000,2661247,https://static-cdn4-2.vigbo.tech/u169129/128930/blog/6454537/6155937/80923764/2000-5f7b789185004a6af4f7327971242e88.jpg
lea-david,27,027-137432f372620e677e3d888f4cb8b0ab.jpg,2000,2377921,https://static-cdn4-2.vigbo.tech/u169129/128930/blog/6454537/6155937/80923764/2000-137432f372620e677e3d888f4cb8b0ab.jpg
lea-david,28,028-29b141551ab570dc75d019c818f7ef6e.jpg,2000,3071991,https://static-cdn4-2.vigbo.tech/u169129/128930/blog/6454537/6155937/80923764/2000-29b141551ab570dc75d019c818f7ef6e.jpg
kuiny-sebastien,1,001-6b158e6d393a98b5825c9c7de9f90d85.jpg,orig,808655,https://static-cdn4-2.vigbo.tech/u169129/128930/blog/6906231/6760899/section/6b158e6d393a98b5825c9c7de9f90d85.jpg
lea-david,25,025-8050e1e249afaf30cfc8c5008e506a48.jpg,2000,2723356,https://static-cdn4-2.vigbo.tech/u169129/128930/blog/6454537/6155937/80923764/2000-8050e1e249afaf30cfc8c5008e506a48.jpg
kuiny-sebastien,3,003-syrga_dif-6dd1e0589e46454f2ca39eb036dff1f4.jpg,2000,314028,https://static-cdn4-2.vigbo.tech/u169129/128930/blog/6906231/6760898/88821208/2000-syrga_dif-6dd1e0589e46454f2ca39eb036dff1f4.jpg
kuiny-sebastien,2,002-syrga_dif-085595738be63fa124b9c03657e18f29.jpg,2000,955031,https://static-cdn4-2.vigbo.tech/u169129/128930/blog/6906231/6760898/88821208/2000-syrga_dif-085595738be63fa124b9c03657e18f29.jpg
kuiny-sebastien,4,004-syrga_dif-4c35a0d1458571d476081ef14680d8b0.jpg,2000,902648,https://static-cdn4-2.vigbo.tech/u169129/128930/blog/6906231/6760898/88821208/2000-syrga_dif-4c35a0d1458571d476081ef14680d8b0.jpg
lea-david,29,029-20451e91aac45a9f3dfb0d13bed3794c.jpg,2000,2108545,https://static-cdn4-2.vigbo.tech/u169129/128930/blog/6454537/6155937/80923764/2000-20451e91aac45a9f3dfb0d13bed3794c.jpg
kuiny-sebastien,5,005-syrga_dif-faebbccbaaace381c4d626e06850be74.jpg,2000,890164,https://static-cdn4-2.vigbo.tech/u169129/128930/blog/6906231/6760898/88821208/2000-syrga_dif-faebbccbaaace381c4d626e06850be74.jpg
kuiny-sebastien,6,006-syrga_dif-82272d0b50d34c1c39dad0508108bf00.jpg,2000,448729,https://static-cdn4-2.vigbo.tech/u169129/128930/blog/6906231/6760898/88821208/2000-syrga_dif-82272d0b50d34c1c39dad0508108bf00.jpg
kuiny-sebastien,7,007-syrga_dif-ee60e04c0963a58b885bf49fdf5f27d8.jpg,2000,506324,https://static-cdn4-2.vigbo.tech/u169129/128930/blog/6906231/6760898/88821208/2000-syrga_dif-ee60e04c0963a58b885bf49fdf5f27d8.jpg
kuiny-sebastien,8,008-syrga_dif-c349b2665dddd00f380c5260f9339a26.jpg,2000,443517,https://static-cdn4-2.vigbo.tech/u169129/128930/blog/6906231/6760898/88821208/2000-syrga_dif-c349b2665dddd00f380c5260f9339a26.jpg
kuiny-sebastien,9,009-syrga_dif-be8215bf09e0e0a1b858ec0b2997c1f3.jpg,2000,476979,https://static-cdn4-2.vigbo.tech/u169129/128930/blog/6906231/6760898/88821208/2000-syrga_dif-be8215bf09e0e0a1b858ec0b2997c1f3.jpg
lea-david,30,030-786634455ccad96683f05fa32715dd9d.jpg,2000,2547497,https://static-cdn4-2.vigbo.tech/u169129/128930/blog/6454537/6155937/80923764/2000-786634455ccad96683f05fa32715dd9d.jpg
kuiny-sebastien,10,010-syrga_dif-66344db7834450391588b87210d2e035.jpg,2000,433508,https://static-cdn4-2.vigbo.tech/u169129/128930/blog/6906231/6760898/88821208/2000-syrga_dif-66344db7834450391588b87210d2e035.jpg
kuiny-sebastien,11,011-syrga_dif-94a90cb034ac366247642e534e8f0df5.jpg,2000,437424,https://static-cdn4-2.vigbo.tech/u169129/128930/blog/6906231/6760898/88821208/2000-syrga_dif-94a90cb034ac366247642e534e8f0df5.jpg
kuiny-sebastien,12,012-syrga_dif-3ad03a76990f406f25944827674bb18d.jpg,2000,650359,https://static-cdn4-2.vigbo.tech/u169129/128930/blog/6906231/6760898/88821208/2000-syrga_dif-3ad03a76990f406f25944827674bb18d.jpg
kuiny-sebastien,13,013-syrga_dif-e832849c7ae6c4486bfe1a523db87b71.jpg,2000,502623,https://static-cdn4-2.vigbo.tech/u169129/128930/blog/6906231/6760898/88821208/2000-syrga_dif-e832849c7ae6c4486bfe1a523db87b71.jpg
kuiny-sebastien,15,015-syrga_dif-1745c09662147cecf06a5c69b4700355.jpg,2000,684358,https://static-cdn4-2.vigbo.tech/u169129/128930/blog/6906231/6760898/88821208/2000-syrga_dif-1745c09662147cecf06a5c69b4700355.jpg
kuiny-sebastien,14,014-syrga_dif-2ca98265166bfd43c327307e766e5560.jpg,2000,739253,https://static-cdn4-2.vigbo.tech/u169129/128930/blog/6906231/6760898/88821208/2000-syrga_dif-2ca98265166bfd43c327307e766e5560.jpg
kuiny-sebastien,16,016-syrga_dif-09bc46a03691eb63c934144e11462e80.jpg,2000,666471,https://static-cdn4-2.vigbo.tech/u169129/128930/blog/6906231/6760898/88821208/2000-syrga_dif-09bc46a03691eb63c934144e11462e80.jpg
kuiny-sebastien,17,017-syrga_dif-9b6da7b0bd15605562f60930e123036d.jpg,2000,574861,https://static-cdn4-2.vigbo.tech/u169129/128930/blog/6906231/6760898/88821208/2000-syrga_dif-9b6da7b0bd15605562f60930e123036d.jpg
kuiny-sebastien,21,021-syrga_dif-b529c6e0b46658d6c451aee8fec6b87c.jpg,2000,1023237,https://static-cdn4-2.vigbo.tech/u169129/128930/blog/6906231/6760898/88821208/2000-syrga_dif-b529c6e0b46658d6c451aee8fec6b87c.jpg
kuiny-sebastien,19,019-syrga_dif-069074dccab4d212890ad03cc90dd3cc.jpg,2000,579021,https://static-cdn4-2.vigbo.tech/u169129/128930/blog/6906231/6760898/88821208/2000-syrga_dif-069074dccab4d212890ad03cc90dd3cc.jpg
kuiny-sebastien,20,020-syrga_dif-42bb4a7dfad88cc9d2e7a91d7e938ff8.jpg,2000,724671,https://static-cdn4-2.vigbo.tech/u169129/128930/blog/6906231/6760898/88821208/2000-syrga_dif-42bb4a7dfad88cc9d2e7a91d7e938ff8.jpg
kuiny-sebastien,18,018-syrga_dif-9c617d23cad30dabb2f9eef0bc43b1d3.jpg,2000,672391,https://static-cdn4-2.vigbo.tech/u169129/128930/blog/6906231/6760898/88821208/2000-syrga_dif-9c617d23cad30dabb2f9eef0bc43b1d3.jpg
kuiny-sebastien,22,022-syrga_dif-4431ca06a4aeb11f1ef0bbd64764c43f.jpg,2000,394856,https://static-cdn4-2.vigbo.tech/u169129/128930/blog/6906231/6760898/88821208/2000-syrga_dif-4431ca06a4aeb11f1ef0bbd64764c43f.jpg
kuiny-sebastien,23,023-syrga_dif-e1c32f500204cda76912e0350a9dba3d.jpg,2000,1326978,https://static-cdn4-2.vigbo.tech/u169129/128930/blog/6906231/6760898/88821208/2000-syrga_dif-e1c32f500204cda76912e0350a9dba3d.jpg
kuiny-sebastien,26,026-syrga_dif-d597e22867760fab4b9931d04cd5c0ef.jpg,2000,1359878,https://static-cdn4-2.vigbo.tech/u169129/128930/blog/6906231/6760898/88821208/2000-syrga_dif-d597e22867760fab4b9931d04cd5c0ef.jpg
kuiny-sebastien,24,024-syrga_dif-7ad1e8d472c54ff9ca61e0a9d63d21a1.jpg,2000,1075810,https://static-cdn4-2.vigbo.tech/u169129/128930/blog/6906231/6760898/88821208/2000-syrga_dif-7ad1e8d472c54ff9ca61e0a9d63d21a1.jpg
kuiny-sebastien,25,025-syrga_dif-56ce5677d5dc5e43a2ddd6e30210ed40.jpg,2000,1320455,https://static-cdn4-2.vigbo.tech/u169129/128930/blog/6906231/6760898/88821208/2000-syrga_dif-56ce5677d5dc5e43a2ddd6e30210ed40.jpg
kuiny-sebastien,30,030-syrga_dif-e6617653cfea76b101f9bfc13de3157d.jpg,2000,639488,https://static-cdn4-2.vigbo.tech/u169129/128930/blog/6906231/6760898/88821208/2000-syrga_dif-e6617653cfea76b101f9bfc13de3157d.jpg
kuiny-sebastien,27,027-syrga_dif-42c376cd9e670f8793d6ba174de46f30.jpg,2000,683013,https://static-cdn4-2.vigbo.tech/u169129/128930/blog/6906231/6760898/88821208/2000-syrga_dif-42c376cd9e670f8793d6ba174de46f30.jpg
kuiny-sebastien,31,031-syrga_dif-d4b65043fe0cb08499194c75a34f9262.jpg,2000,552079,https://static-cdn4-2.vigbo.tech/u169129/128930/blog/6906231/6760898/88821208/2000-syrga_dif-d4b65043fe0cb08499194c75a34f9262.jpg
kuiny-sebastien,33,033-syrga_dif-7ed5ee6d2a883a5bf55cbdf116d768ec.jpg,2000,847425,https://static-cdn4-2.vigbo.tech/u169129/128930/blog/6906231/6760898/88821208/2000-syrga_dif-7ed5ee6d2a883a5bf55cbdf116d768ec.jpg
kuiny-sebastien,32,032-syrga_dif-8b6260f630de87cfb886f897592f2bf1.jpg,2000,1034987,https://static-cdn4-2.vigbo.tech/u169129/128930/blog/6906231/6760898/88821208/2000-syrga_dif-8b6260f630de87cfb886f897592f2bf1.jpg
kuiny-sebastien,29,029-syrga_dif-d772d69bd2f61a73900d661fa1e86424.jpg,2000,888920,https://static-cdn4-2.vigbo.tech/u169129/128930/blog/6906231/6760898/88821208/2000-syrga_dif-d772d69bd2f61a73900d661fa1e86424.jpg
kuiny-sebastien,28,028-syrga_dif-f60c112275b745ffc092bebed153d718.jpg,2000,829386,https://static-cdn4-2.vigbo.tech/u169129/128930/blog/6906231/6760898/88821208/2000-syrga_dif-f60c112275b745ffc092bebed153d718.jpg
kuiny-sebastien,34,034-syrga_dif-7cb1210043b820bf54c0e6d390846ea4.jpg,2000,625909,https://static-cdn4-2.vigbo.tech/u169129/128930/blog/6906231/6760898/88821208/2000-syrga_dif-7cb1210043b820bf54c0e6d390846ea4.jpg
kuiny-sebastien,35,035-syrga_dif-45d5d00f9bf0ceb733e4ddcbd43067d2.jpg,2000,529546,https://static-cdn4-2.vigbo.tech/u169129/128930/blog/6906231/6760898/88821208/2000-syrga_dif-45d5d00f9bf0ceb733e4ddcbd43067d2.jpg
kuiny-sebastien,37,037-syrga_dif-24a7ad3d5a19625960937a07fce0159b.jpg,2000,522105,https://static-cdn4-2.vigbo.tech/u169129/128930/blog/6906231/6760898/88821208/2000-syrga_dif-24a7ad3d5a19625960937a07fce0159b.jpg
kuiny-sebastien,39,039-syrga_dif-37c80bd7ae7c019f0a52bf5cfe66199f.jpg,2000,975478,https://static-cdn4-2.vigbo.tech/u169129/128930/blog/6906231/6760898/88821208/2000-syrga_dif-37c80bd7ae7c019f0a52bf5cfe66199f.jpg
kuiny-sebastien,40,040-syrga_dif-e3fca5da492b7f1da96c21d5b6d8dcb5.jpg,2000,591034,https://static-cdn4-2.vigbo.tech/u169129/128930/blog/6906231/6760898/88821208/2000-syrga_dif-e3fca5da492b7f1da96c21d5b6d8dcb5.jpg
kuiny-sebastien,38,038-syrga_dif-05eab5caff220a6e096747ec6bf60036.jpg,2000,789232,https://static-cdn4-2.vigbo.tech/u169129/128930/blog/6906231/6760898/88821208/2000-syrga_dif-05eab5caff220a6e096747ec6bf60036.jpg
kuiny-sebastien,41,041-syrga_dif-595512a911c7cd5d8c9ab58e57a740e4.jpg,2000,344011,https://static-cdn4-2.vigbo.tech/u169129/128930/blog/6906231/6760898/88821208/2000-syrga_dif-595512a911c7cd5d8c9ab58e57a740e4.jpg
kuiny-sebastien,36,036-syrga_dif-2423b906da9f7b43433ef17cb3d51b40.jpg,2000,1366224,https://static-cdn4-2.vigbo.tech/u169129/128930/blog/6906231/6760898/88821208/2000-syrga_dif-2423b906da9f7b43433ef17cb3d51b40.jpg
Emily-Jean-Baptiste,1,001-5d9c1fc712dbfd86dcf53be8ca48673d.jpg,orig,991091,https://static-cdn4-2.vigbo.tech/u169129/128930/blog/6469142/6175315/section/5d9c1fc712dbfd86dcf53be8ca48673d.jpg
kuiny-sebastien,43,043-syrga_dif-c91e6aed2279422d31e6d710bfcbb793.jpg,2000,1080727,https://static-cdn4-2.vigbo.tech/u169129/128930/blog/6906231/6760898/88821208/2000-syrga_dif-c91e6aed2279422d31e6d710bfcbb793.jpg
kuiny-sebastien,42,042-syrga_dif-93b868048acaceaf1a02443903bea5d8.jpg,2000,1290340,https://static-cdn4-2.vigbo.tech/u169129/128930/blog/6906231/6760898/88821208/2000-syrga_dif-93b868048acaceaf1a02443903bea5d8.jpg
kuiny-sebastien,44,044-syrga_dif-cb589062c9da11e05fd10b424f9ac02d.jpg,2000,791824,https://static-cdn4-2.vigbo.tech/u169129/128930/blog/6906231/6760898/88821208/2000-syrga_dif-cb589062c9da11e05fd10b424f9ac02d.jpg
kuiny-sebastien,45,045-syrga_dif-e6ea7ee203cd3d003c1c42447653db32.jpg,2000,1035727,https://static-cdn4-2.vigbo.tech/u169129/128930/blog/6906231/6760898/88821208/2000-syrga_dif-e6ea7ee203cd3d003c1c42447653db32.jpg
kuiny-sebastien,46,046-syrga_dif-77dbccd06d048a0256b430426ddb8035.jpg,2000,684679,https://static-cdn4-2.vigbo.tech/u169129/128930/blog/6906231/6760898/88821208/2000-syrga_dif-77dbccd06d048a0256b430426ddb8035.jpg
Emily-Jean-Baptiste,4,004-syrga_dif-1aee10802dc1a4fe2f5823aa6359164e.jpg,2000,2329394,https://static-cdn4-2.vigbo.tech/u169129/128930/blog/6469142/6175311/81178744/2000-syrga_dif-1aee10802dc1a4fe2f5823aa6359164e.jpg
Emily-Jean-Baptiste,3,003-syrga_dif-5e770a5ca61548b2c46a512d0140e44d.jpg,2000,5120507,https://static-cdn4-2.vigbo.tech/u169129/128930/blog/6469142/6175311/81178744/2000-syrga_dif-5e770a5ca61548b2c46a512d0140e44d.jpg
Emily-Jean-Baptiste,5,005-syrga_dif-ff933391f4c3bd5cc663fb51c6332dda.jpg,2000,4105939,https://static-cdn4-2.vigbo.tech/u169129/128930/blog/6469142/6175311/81178744/2000-syrga_dif-ff933391f4c3bd5cc663fb51c6332dda.jpg
Emily-Jean-Baptiste,2,002-syrga_dif-e6d5c59415fff379a963a0e25a00250e.jpg,2000,5087165,https://static-cdn4-2.vigbo.tech/u169129/128930/blog/6469142/6175311/81178744/2000-syrga_dif-e6d5c59415fff379a963a0e25a00250e.jpg
Emily-Jean-Baptiste,6,006-syrga_dif-8fffd1fadb8c7d2828ae54c7947ff146.jpg,2000,5588321,https://static-cdn4-2.vigbo.tech/u169129/128930/blog/6469142/6175311/81178744/2000-syrga_dif-8fffd1fadb8c7d2828ae54c7947ff146.jpg
Emily-Jean-Baptiste,7,007-syrga_dif-5751ec7f973c5be60ee9639ece687cf6.jpg,2000,5564862,https://static-cdn4-2.vigbo.tech/u169129/128930/blog/6469142/6175311/81178744/2000-syrga_dif-5751ec7f973c5be60ee9639ece687cf6.jpg
Emily-Jean-Baptiste,9,009-syrga_dif-10e6b63c83ebc134dc887014c4fc28c6.jpg,2000,2519020,https://static-cdn4-2.vigbo.tech/u169129/128930/blog/6469142/6175311/81178744/2000-syrga_dif-10e6b63c83ebc134dc887014c4fc28c6.jpg
Emily-Jean-Baptiste,8,008-syrga_dif-b422eb51922e4b676658a22d9281f45f.jpg,2000,4501668,https://static-cdn4-2.vigbo.tech/u169129/128930/blog/6469142/6175311/81178744/2000-syrga_dif-b422eb51922e4b676658a22d9281f45f.jpg
Emily-Jean-Baptiste,10,010-syrga_dif-5d70313d3ade0409adb4e67b88311d2a.jpg,2000,4836401,https://static-cdn4-2.vigbo.tech/u169129/128930/blog/6469142/6175311/81178744/2000-syrga_dif-5d70313d3ade0409adb4e67b88311d2a.jpg
Emily-Jean-Baptiste,13,013-syrga_dif-d3c0ff30a1c33cfebb11dc66c9068a5e.jpg,2000,5215706,https://static-cdn4-2.vigbo.tech/u169129/128930/blog/6469142/6175311/81178744/2000-syrga_dif-d3c0ff30a1c33cfebb11dc66c9068a5e.jpg
Emily-Jean-Baptiste,12,012-syrga_dif-d6e3c313874f90af8ea96d483fbaa744.jpg,2000,3653394,https://static-cdn4-2.vigbo.tech/u169129/128930/blog/6469142/6175311/81178744/2000-syrga_dif-d6e3c313874f90af8ea96d483fbaa744.jpg
Emily-Jean-Baptiste,14,014-syrga_dif-0eb27dd22042283eee6302fe014a0cab.jpg,2000,3121299,https://static-cdn4-2.vigbo.tech/u169129/128930/blog/6469142/6175311/81178744/2000-syrga_dif-0eb27dd22042283eee6302fe014a0cab.jpg
Emily-Jean-Baptiste,15,015-syrga_dif-b21e8c3e621d93e07639939c0610e05e.jpg,2000,4303234,https://static-cdn4-2.vigbo.tech/u169129/128930/blog/6469142/6175311/81178744/2000-syrga_dif-b21e8c3e621d93e07639939c0610e05e.jpg
Emily-Jean-Baptiste,18,018-syrga_dif-97d55affb70d724cdf002be5ca93a405.jpg,2000,2325964,https://static-cdn4-2.vigbo.tech/u169129/128930/blog/6469142/6175311/81178744/2000-syrga_dif-97d55affb70d724cdf002be5ca93a405.jpg
Emily-Jean-Baptiste,16,016-syrga_dif-a15d42d7a7558151f3e9bda2a4086b85.jpg,2000,2637062,https://static-cdn4-2.vigbo.tech/u169129/128930/blog/6469142/6175311/81178744/2000-syrga_dif-a15d42d7a7558151f3e9bda2a4086b85.jpg
Emily-Jean-Baptiste,17,017-syrga_dif-3d78e220df132b45f7116841a8b7c1e0.jpg,2000,5082147,https://static-cdn4-2.vigbo.tech/u169129/128930/blog/6469142/6175311/81178744/2000-syrga_dif-3d78e220df132b45f7116841a8b7c1e0.jpg
Emily-Jean-Baptiste,11,011-syrga_dif-ff960b940dcc40b4f91ea9647f81a857.jpg,2000,2459104,https://static-cdn4-2.vigbo.tech/u169129/128930/blog/6469142/6175311/81178744/2000-syrga_dif-ff960b940dcc40b4f91ea9647f81a857.jpg
Emily-Jean-Baptiste,21,021-syrga_dif-c70c599c6d23a2deaf2f589d51278bc6.jpg,2000,1414180,https://static-cdn4-2.vigbo.tech/u169129/128930/blog/6469142/6175311/81178744/2000-syrga_dif-c70c599c6d23a2deaf2f589d51278bc6.jpg
Emily-Jean-Baptiste,20,020-syrga_dif-1ded8ea1b5542f014a78b3eb31260e91.jpg,2000,5408534,https://static-cdn4-2.vigbo.tech/u169129/128930/blog/6469142/6175311/81178744/2000-syrga_dif-1ded8ea1b5542f014a78b3eb31260e91.jpg
Emily-Jean-Baptiste,22,022-syrga_dif-f14db2762cdf1d29dff7538551ad245e.jpg,2000,2560929,https://static-cdn4-2.vigbo.tech/u169129/128930/blog/6469142/6175311/81178744/2000-syrga_dif-f14db2762cdf1d29dff7538551ad245e.jpg
Emily-Jean-Baptiste,24,024-syrga_dif-27449bf29ebf92f988f6b5524268d464.jpg,2000,2155823,https://static-cdn4-2.vigbo.tech/u169129/128930/blog/6469142/6175311/81178744/2000-syrga_dif-27449bf29ebf92f988f6b5524268d464.jpg
Emily-Jean-Baptiste,19,019-syrga_dif-59bf83cb5fad3b7de0caf6d617214390.jpg,2000,6097927,https://static-cdn4-2.vigbo.tech/u169129/128930/blog/6469142/6175311/81178744/2000-syrga_dif-59bf83cb5fad3b7de0caf6d617214390.jpg
Emily-Jean-Baptiste,23,023-syrga_dif-b1d975514b58076c264a165d6c932490.jpg,2000,6303824,https://static-cdn4-2.vigbo.tech/u169129/128930/blog/6469142/6175311/81178744/2000-syrga_dif-b1d975514b58076c264a165d6c932490.jpg
Emily-Jean-Baptiste,26,026-syrga_dif-87a3a683e39569bb4620be1586a93d9a.jpg,2000,4389010,https://static-cdn4-2.vigbo.tech/u169129/128930/blog/6469142/6175311/81178744/2000-syrga_dif-87a3a683e39569bb4620be1586a93d9a.jpg
Emily-Jean-Baptiste,28,028-syrga_dif-62aad40034bdc78a0903ec2d7a91300b.jpg,2000,3581031,https://static-cdn4-2.vigbo.tech/u169129/128930/blog/6469142/6175311/81178744/2000-syrga_dif-62aad40034bdc78a0903ec2d7a91300b.jpg
Emily-Jean-Baptiste,29,029-syrga_dif-89b26550a491d8899ad3ff087a385f65.jpg,2000,2552818,https://static-cdn4-2.vigbo.tech/u169129/128930/blog/6469142/6175311/81178744/2000-syrga_dif-89b26550a491d8899ad3ff087a385f65.jpg
Emily-Jean-Baptiste,25,025-syrga_dif-339bb960d002632cc24726536485265f.jpg,2000,5962582,https://static-cdn4-2.vigbo.tech/u169129/128930/blog/6469142/6175311/81178744/2000-syrga_dif-339bb960d002632cc24726536485265f.jpg
Emily-Jean-Baptiste,27,027-syrga_dif-4d1f0dc537f95cf59895430bcee5bd4e.jpg,2000,5860997,https://static-cdn4-2.vigbo.tech/u169129/128930/blog/6469142/6175311/81178744/2000-syrga_dif-4d1f0dc537f95cf59895430bcee5bd4e.jpg
Emily-Jean-Baptiste,30,030-syrga_dif-cdbace6566fefaff5a315400651fdf52.jpg,2000,5322639,https://static-cdn4-2.vigbo.tech/u169129/128930/blog/6469142/6175311/81178744/2000-syrga_dif-cdbace6566fefaff5a315400651fdf52.jpg
Emily-Jean-Baptiste,31,031-syrga_dif-f0575ada149d8e1555107e80093cb157.jpg,2000,2851123,https://static-cdn4-2.vigbo.tech/u169129/128930/blog/6469142/6175311/81178744/2000-syrga_dif-f0575ada149d8e1555107e80093cb157.jpg
Emily-Jean-Baptiste,34,034-syrga_dif-2c4fd18f6b6c2ece4afe9d845da87b71.jpg,2000,3448749,https://static-cdn4-2.vigbo.tech/u169129/128930/blog/6469142/6175311/81178744/2000-syrga_dif-2c4fd18f6b6c2ece4afe9d845da87b71.jpg
Emily-Jean-Baptiste,32,032-syrga_dif-83b747bf6093cccace5926668054caad.jpg,2000,6514167,https://static-cdn4-2.vigbo.tech/u169129/128930/blog/6469142/6175311/81178744/2000-syrga_dif-83b747bf6093cccace5926668054caad.jpg
Emily-Jean-Baptiste,33,033-syrga_dif-eee8b59d626e39ee2bda759e22fd7f01.jpg,2000,4540292,https://static-cdn4-2.vigbo.tech/u169129/128930/blog/6469142/6175311/81178744/2000-syrga_dif-eee8b59d626e39ee2bda759e22fd7f01.jpg
Emily-Jean-Baptiste,35,035-syrga_dif-e8429e0dcc6ded890712f47b2dd27d0d.jpg,2000,3210162,https://static-cdn4-2.vigbo.tech/u169129/128930/blog/6469142/6175311/81178744/2000-syrga_dif-e8429e0dcc6ded890712f47b2dd27d0d.jpg
Emily-Jean-Baptiste,36,036-syrga_dif-39bd2121a440ba5611b4375c3a2e1dc5.jpg,2000,2478432,https://static-cdn4-2.vigbo.tech/u169129/128930/blog/6469142/6175311/81178744/2000-syrga_dif-39bd2121a440ba5611b4375c3a2e1dc5.jpg
Emily-Jean-Baptiste,37,037-syrga_dif-e6f719e81f44b77572cf90a715c2c806.jpg,2000,3443151,https://static-cdn4-2.vigbo.tech/u169129/128930/blog/6469142/6175311/81178744/2000-syrga_dif-e6f719e81f44b77572cf90a715c2c806.jpg
Emily-Jean-Baptiste,41,041-syrga_dif-840538aa269389732d3e96f0082d7dcb.jpg,2000,2832116,https://static-cdn4-2.vigbo.tech/u169129/128930/blog/6469142/6175311/81178744/2000-syrga_dif-840538aa269389732d3e96f0082d7dcb.jpg
Emily-Jean-Baptiste,40,040-syrga_dif-2785fb724e74cedb50e3099b74ed313b.jpg,2000,4395278,https://static-cdn4-2.vigbo.tech/u169129/128930/blog/6469142/6175311/81178744/2000-syrga_dif-2785fb724e74cedb50e3099b74ed313b.jpg
Emily-Jean-Baptiste,38,038-syrga_dif-0a4fef12a465d38c15f2683d66a7365d.jpg,2000,3340792,https://static-cdn4-2.vigbo.tech/u169129/128930/blog/6469142/6175311/81178744/2000-syrga_dif-0a4fef12a465d38c15f2683d66a7365d.jpg
Emily-Jean-Baptiste,43,043-syrga_dif-6555026fe665aeda6c50969bb16e7167.jpg,2000,3852835,https://static-cdn4-2.vigbo.tech/u169129/128930/blog/6469142/6175311/81178744/2000-syrga_dif-6555026fe665aeda6c50969bb16e7167.jpg
Emily-Jean-Baptiste,42,042-syrga_dif-022902c7bac824de7a0eb4163c24cb04.jpg,2000,7028180,https://static-cdn4-2.vigbo.tech/u169129/128930/blog/6469142/6175311/81178744/2000-syrga_dif-022902c7bac824de7a0eb4163c24cb04.jpg
Emily-Jean-Baptiste,39,039-syrga_dif-2dae4898c89569d957b4287d3c8afb4f.jpg,2000,4526873,https://static-cdn4-2.vigbo.tech/u169129/128930/blog/6469142/6175311/81178744/2000-syrga_dif-2dae4898c89569d957b4287d3c8afb4f.jpg
Emily-Jean-Baptiste,46,046-syrga_dif-b86421cd18ddbe746ef44b2548ff6bd3.jpg,2000,2623981,https://static-cdn4-2.vigbo.tech/u169129/128930/blog/6469142/6175311/81178744/2000-syrga_dif-b86421cd18ddbe746ef44b2548ff6bd3.jpg
Emily-Jean-Baptiste,47,047-syrga_dif-c6340af85d1f42db3a5222e2dd192ebf.jpg,2000,2202959,https://static-cdn4-2.vigbo.tech/u169129/128930/blog/6469142/6175311/81178744/2000-syrga_dif-c6340af85d1f42db3a5222e2dd192ebf.jpg
Emily-Jean-Baptiste,44,044-syrga_dif-8db199b6d5333b2a73d892d7b85c2ff4.jpg,2000,5882985,https://static-cdn4-2.vigbo.tech/u169129/128930/blog/6469142/6175311/81178744/2000-syrga_dif-8db199b6d5333b2a73d892d7b85c2ff4.jpg
Emily-Jean-Baptiste,45,045-syrga_dif-c185979d21c06badc5a9d7a94b42be91.jpg,2000,5854250,https://static-cdn4-2.vigbo.tech/u169129/128930/blog/6469142/6175311/81178744/2000-syrga_dif-c185979d21c06badc5a9d7a94b42be91.jpg
Emily-Jean-Baptiste,48,048-syrga_dif-722c42ae63fc66ce5b534690f626e82b.jpg,2000,4422066,https://static-cdn4-2.vigbo.tech/u169129/128930/blog/6469142/6175311/81178744/2000-syrga_dif-722c42ae63fc66ce5b534690f626e82b.jpg
Emily-Jean-Baptiste,50,050-syrga_dif-ceaa39ad8a194a92757894a405db74f6.jpg,2000,5413499,https://static-cdn4-2.vigbo.tech/u169129/128930/blog/6469142/6175311/81178744/2000-syrga_dif-ceaa39ad8a194a92757894a405db74f6.jpg
Emily-Jean-Baptiste,49,049-syrga_dif-9b2476659f4a930eba5fc42fa0442d8f.jpg,2000,4924534,https://static-cdn4-2.vigbo.tech/u169129/128930/blog/6469142/6175311/81178744/2000-syrga_dif-9b2476659f4a930eba5fc42fa0442d8f.jpg
Emily-Jean-Baptiste,52,052-syrga_dif-b4627c498086475595fe46677494a189.jpg,2000,2494916,https://static-cdn4-2.vigbo.tech/u169129/128930/blog/6469142/6175311/81178744/2000-syrga_dif-b4627c498086475595fe46677494a189.jpg
Emily-Jean-Baptiste,51,051-syrga_dif-c0a83d4f640afc8d8e21e60649e41dfd.jpg,2000,5989337,https://static-cdn4-2.vigbo.tech/u169129/128930/blog/6469142/6175311/81178744/2000-syrga_dif-c0a83d4f640afc8d8e21e60649e41dfd.jpg
Emily-Jean-Baptiste,54,054-syrga_dif-a309ed8ecf666d0cd3568c59bf881e55.jpg,2000,3147760,https://static-cdn4-2.vigbo.tech/u169129/128930/blog/6469142/6175311/81178744/2000-syrga_dif-a309ed8ecf666d0cd3568c59bf881e55.jpg
Emily-Jean-Baptiste,53,053-syrga_dif-776351797625451d397386e99d90c349.jpg,2000,6157158,https://static-cdn4-2.vigbo.tech/u169129/128930/blog/6469142/6175311/81178744/2000-syrga_dif-776351797625451d397386e99d90c349.jpg
Emily-Jean-Baptiste,55,055-syrga_dif-77317b52b5a65a8f1a49eef287d2e897.jpg,2000,7153190,https://static-cdn4-2.vigbo.tech/u169129/128930/blog/6469142/6175311/81178744/2000-syrga_dif-77317b52b5a65a8f1a49eef287d2e897.jpg
Emily-Jean-Baptiste,57,057-syrga_dif-31336823f226fc05e009600dfb7ce7ec.jpg,2000,1830281,https://static-cdn4-2.vigbo.tech/u169129/128930/blog/6469142/6175311/81178744/2000-syrga_dif-31336823f226fc05e009600dfb7ce7ec.jpg
valeria-wilfrid,2,002-syrga_dif-05e9f3c4583d44c4342f026e04cad1fe.jpg,2000,1769915,https://static-cdn4-2.vigbo.tech/u169129/128930/blog/6480560/6190835/81380399/2000-syrga_dif-05e9f3c4583d44c4342f026e04cad1fe.jpg
valeria-wilfrid,4,004-syrga_dif-af9341b27efe097cf846ed429c858c1c.jpg,2000,1782120,https://static-cdn4-2.vigbo.tech/u169129/128930/blog/6480560/6190835/81380399/2000-syrga_dif-af9341b27efe097cf846ed429c858c1c.jpg
valeria-wilfrid,3,003-syrga_dif-4f389caf91bd28f1ea1b57ea517b9ba4.jpg,2000,3090035,https://static-cdn4-2.vigbo.tech/u169129/128930/blog/6480560/6190835/81380399/2000-syrga_dif-4f389caf91bd28f1ea1b57ea517b9ba4.jpg
Emily-Jean-Baptiste,56,056-syrga_dif-eab065a020f7017cef9d8acdb4be470a.jpg,2000,3671506,https://static-cdn4-2.vigbo.tech/u169129/128930/blog/6469142/6175311/81178744/2000-syrga_dif-eab065a020f7017cef9d8acdb4be470a.jpg
valeria-wilfrid,1,001-708bd3a78096bab3f4cd008b25f179a6.jpg,orig,5474245,https://static-cdn4-2.vigbo.tech/u169129/128930/blog/6480560/6190836/section/708bd3a78096bab3f4cd008b25f179a6.jpg
valeria-wilfrid,5,005-syrga_dif-85a8137c62a74b7f322245b9f929ec29.jpg,2000,3889874,https://static-cdn4-2.vigbo.tech/u169129/128930/blog/6480560/6190835/81380399/2000-syrga_dif-85a8137c62a74b7f322245b9f929ec29.jpg
valeria-wilfrid,6,006-syrga_dif-3de081c8aa33e2d431bd685a52fa54bb.jpg,2000,4086736,https://static-cdn4-2.vigbo.tech/u169129/128930/blog/6480560/6190835/81380399/2000-syrga_dif-3de081c8aa33e2d431bd685a52fa54bb.jpg
valeria-wilfrid,8,008-syrga_dif-747904b3e684b4afe70202f74ab969ca.jpg,2000,2821586,https://static-cdn4-2.vigbo.tech/u169129/128930/blog/6480560/6190835/81380399/2000-syrga_dif-747904b3e684b4afe70202f74ab969ca.jpg
valeria-wilfrid,9,009-syrga_dif-6bf37d3efb13b80e06b333b1a4c0d334.jpg,2000,2877677,https://static-cdn4-2.vigbo.tech/u169129/128930/blog/6480560/6190835/81380399/2000-syrga_dif-6bf37d3efb13b80e06b333b1a4c0d334.jpg
valeria-wilfrid,10,010-syrga_dif-8f503c76177a1117fa132b048cc206f6.jpg,2000,2874158,https://static-cdn4-2.vigbo.tech/u169129/128930/blog/6480560/6190835/81380399/2000-syrga_dif-8f503c76177a1117fa132b048cc206f6.jpg
valeria-wilfrid,7,007-syrga_dif-a8eac7ffd288d9deac0ef8e33ec3c03f.jpg,2000,3193640,https://static-cdn4-2.vigbo.tech/u169129/128930/blog/6480560/6190835/81380399/2000-syrga_dif-a8eac7ffd288d9deac0ef8e33ec3c03f.jpg
valeria-wilfrid,11,011-syrga_dif-db2d6918c378a4dbfccaed294d4c4644.jpg,2000,2994468,https://static-cdn4-2.vigbo.tech/u169129/128930/blog/6480560/6190835/81380399/2000-syrga_dif-db2d6918c378a4dbfccaed294d4c4644.jpg
valeria-wilfrid,13,013-syrga_dif-f41e3927bf5e833cc1c1bf6fc936a3ac.jpg,2000,2647449,https://static-cdn4-2.vigbo.tech/u169129/128930/blog/6480560/6190835/81380399/2000-syrga_dif-f41e3927bf5e833cc1c1bf6fc936a3ac.jpg
valeria-wilfrid,12,012-syrga_dif-3edbed940153054779c74ce5640a42aa.jpg,2000,3001278,https://static-cdn4-2.vigbo.tech/u169129/128930/blog/6480560/6190835/81380399/2000-syrga_dif-3edbed940153054779c74ce5640a42aa.jpg
valeria-wilfrid,15,015-syrga_dif-7c6e134550cf69226bfd18d6246e8643.jpg,2000,4031934,https://static-cdn4-2.vigbo.tech/u169129/128930/blog/6480560/6190835/81380399/2000-syrga_dif-7c6e134550cf69226bfd18d6246e8643.jpg
valeria-wilfrid,17,017-syrga_dif-17cfabec0b163edc6eb08f4d007c57c4.jpg,2000,1551073,https://static-cdn4-2.vigbo.tech/u169129/128930/blog/6480560/6190835/81380399/2000-syrga_dif-17cfabec0b163edc6eb08f4d007c57c4.jpg
valeria-wilfrid,19,019-syrga_dif-7c26c170534d4e2e30fc986e08478289.jpg,2000,2715449,https://static-cdn4-2.vigbo.tech/u169129/128930/blog/6480560/6190835/81380399/2000-syrga_dif-7c26c170534d4e2e30fc986e08478289.jpg
valeria-wilfrid,18,018-syrga_dif-cba868614e25b47839e5ee2499765382.jpg,2000,2809207,https://static-cdn4-2.vigbo.tech/u169129/128930/blog/6480560/6190835/81380399/2000-syrga_dif-cba868614e25b47839e5ee2499765382.jpg
valeria-wilfrid,14,014-syrga_dif-33b7b73849746d1e0ca7078d4f099969.jpg,2000,3235464,https://static-cdn4-2.vigbo.tech/u169129/128930/blog/6480560/6190835/81380399/2000-syrga_dif-33b7b73849746d1e0ca7078d4f099969.jpg
valeria-wilfrid,21,021-syrga_dif-473d61a66f1dd26273f1e7a06c56a10d.jpg,2000,1555075,https://static-cdn4-2.vigbo.tech/u169129/128930/blog/6480560/6190835/81380399/2000-syrga_dif-473d61a66f1dd26273f1e7a06c56a10d.jpg
valeria-wilfrid,16,016-syrga_dif-848f0a89713a288d5c024518439ed926.jpg,2000,2800970,https://static-cdn4-2.vigbo.tech/u169129/128930/blog/6480560/6190835/81380399/2000-syrga_dif-848f0a89713a288d5c024518439ed926.jpg
valeria-wilfrid,20,020-syrga_dif-06e5ad1b60605d72d1ee319ef55960b4.jpg,2000,3004275,https://static-cdn4-2.vigbo.tech/u169129/128930/blog/6480560/6190835/81380399/2000-syrga_dif-06e5ad1b60605d72d1ee319ef55960b4.jpg
valeria-wilfrid,23,023-syrga_dif-3d2729b0381ef74f4bc67fa0f77c0d1d.jpg,2000,1628776,https://static-cdn4-2.vigbo.tech/u169129/128930/blog/6480560/6190835/81380399/2000-syrga_dif-3d2729b0381ef74f4bc67fa0f77c0d1d.jpg
valeria-wilfrid,26,026-syrga_dif-c00837d8d3ed2e2096a9d3adf2cc9f71.jpg,2000,5242724,https://static-cdn4-2.vigbo.tech/u169129/128930/blog/6480560/6190835/81380399/2000-syrga_dif-c00837d8d3ed2e2096a9d3adf2cc9f71.jpg
valeria-wilfrid,22,022-syrga_dif-339ec7f8897f6eb4a94e15e5ebf51d30.jpg,2000,3171742,https://static-cdn4-2.vigbo.tech/u169129/128930/blog/6480560/6190835/81380399/2000-syrga_dif-339ec7f8897f6eb4a94e15e5ebf51d30.jpg
valeria-wilfrid,25,025-syrga_dif-4308729d9a9d8f451aa8ddccdfecd696.jpg,2000,2885504,https://static-cdn4-2.vigbo.tech/u169129/128930/blog/6480560/6190835/81380399/2000-syrga_dif-4308729d9a9d8f451aa8ddccdfecd696.jpg
valeria-wilfrid,28,028-syrga_dif-dcbfa9d448676fd56eeba46101a69214.jpg,2000,2796773,https://static-cdn4-2.vigbo.tech/u169129/128930/blog/6480560/6190835/81380399/2000-syrga_dif-dcbfa9d448676fd56eeba46101a69214.jpg
valeria-wilfrid,24,024-syrga_dif-c5fb8009a48e4b0f9aa46cf48c1ca5fc.jpg,2000,3223289,https://static-cdn4-2.vigbo.tech/u169129/128930/blog/6480560/6190835/81380399/2000-syrga_dif-c5fb8009a48e4b0f9aa46cf48c1ca5fc.jpg
valeria-wilfrid,27,027-syrga_dif-5de066c1364d0d53201374901f78392a.jpg,2000,4592497,https://static-cdn4-2.vigbo.tech/u169129/128930/blog/6480560/6190835/81380399/2000-syrga_dif-5de066c1364d0d53201374901f78392a.jpg
valeria-wilfrid,29,029-syrga_dif-e82eb9294748ddeae9f1993f6bda5636.jpg,2000,3029204,https://static-cdn4-2.vigbo.tech/u169129/128930/blog/6480560/6190835/81380399/2000-syrga_dif-e82eb9294748ddeae9f1993f6bda5636.jpg
valeria-wilfrid,31,031-syrga_dif-73b56a1b23fff699872f74526a92d95c.jpg,2000,3148569,https://static-cdn4-2.vigbo.tech/u169129/128930/blog/6480560/6190835/81380399/2000-syrga_dif-73b56a1b23fff699872f74526a92d95c.jpg
valeria-wilfrid,34,034-syrga_dif-87a883d6914b0c22c97aa8095307e3cf.jpg,2000,2568133,https://static-cdn4-2.vigbo.tech/u169129/128930/blog/6480560/6190835/81380399/2000-syrga_dif-87a883d6914b0c22c97aa8095307e3cf.jpg
valeria-wilfrid,30,030-syrga_dif-fe3aafd6c75818f0aa9a9d3896908f21.jpg,2000,4824850,https://static-cdn4-2.vigbo.tech/u169129/128930/blog/6480560/6190835/81380399/2000-syrga_dif-fe3aafd6c75818f0aa9a9d3896908f21.jpg
valeria-wilfrid,35,035-syrga_dif-4d4026414d40a367aaacb49aeb75389e.jpg,2000,2552755,https://static-cdn4-2.vigbo.tech/u169129/128930/blog/6480560/6190835/81380399/2000-syrga_dif-4d4026414d40a367aaacb49aeb75389e.jpg
valeria-wilfrid,32,032-syrga_dif-c25a505f411b25a46e97e9ad81334f0a.jpg,2000,3769079,https://static-cdn4-2.vigbo.tech/u169129/128930/blog/6480560/6190835/81380399/2000-syrga_dif-c25a505f411b25a46e97e9ad81334f0a.jpg
valeria-wilfrid,33,033-syrga_dif-28c105d8f301ee7228072a420e56847c.jpg,2000,3036867,https://static-cdn4-2.vigbo.tech/u169129/128930/blog/6480560/6190835/81380399/2000-syrga_dif-28c105d8f301ee7228072a420e56847c.jpg
alison-olivier,1,001-7df379b54558e42d948099cc47426bab.jpg,orig,2367372,https://static-cdn4-2.vigbo.tech/u169129/128930/blog/6605903/6359718/section/7df379b54558e42d948099cc47426bab.jpg
valeria-wilfrid,37,037-syrga_dif-cc7e1fa4a09a9ecd82f8dc94ad876c96.jpg,2000,2379426,https://static-cdn4-2.vigbo.tech/u169129/128930/blog/6480560/6190835/81380399/2000-syrga_dif-cc7e1fa4a09a9ecd82f8dc94ad876c96.jpg
valeria-wilfrid,38,038-syrga_dif-956797f839e864dc4d5feb57c83e6fa4.jpg,2000,2582060,https://static-cdn4-2.vigbo.tech/u169129/128930/blog/6480560/6190835/81380399/2000-syrga_dif-956797f839e864dc4d5feb57c83e6fa4.jpg
alison-olivier,3,003-syrga_dif-1fbea2fb423854f413f27a5a6dc4fc3a.jpg,2000,2879027,https://static-cdn4-2.vigbo.tech/u169129/128930/blog/6605903/6359717/83407648/2000-syrga_dif-1fbea2fb423854f413f27a5a6dc4fc3a.jpg
valeria-wilfrid,36,036-syrga_dif-9814f27010af78e9ce1f52769488a52e.jpg,2000,3373205,https://static-cdn4-2.vigbo.tech/u169129/128930/blog/6480560/6190835/81380399/2000-syrga_dif-9814f27010af78e9ce1f52769488a52e.jpg
alison-olivier,2,002-syrga_dif-2adbe978745211db0243890616796479.jpg,2000,2226218,https://static-cdn4-2.vigbo.tech/u169129/128930/blog/6605903/6359717/83407648/2000-syrga_dif-2adbe978745211db0243890616796479.jpg
alison-olivier,4,004-syrga_dif-faa027baa2705e4c8bd8f7ecbf05af0b.jpg,2000,2132742,https://static-cdn4-2.vigbo.tech/u169129/128930/blog/6605903/6359717/83407648/2000-syrga_dif-faa027baa2705e4c8bd8f7ecbf05af0b.jpg
alison-olivier,6,006-syrga_dif-68652c0f01aa312c64416b2379b0b876.jpg,2000,2132387,https://static-cdn4-2.vigbo.tech/u169129/128930/blog/6605903/6359717/83407648/2000-syrga_dif-68652c0f01aa312c64416b2379b0b876.jpg
alison-olivier,5,005-syrga_dif-92f2959f2207ef27dde7d1667e314b0b.jpg,2000,4361842,https://static-cdn4-2.vigbo.tech/u169129/128930/blog/6605903/6359717/83407648/2000-syrga_dif-92f2959f2207ef27dde7d1667e314b0b.jpg
alison-olivier,7,007-syrga_dif-71681d2ccdf5e83242cd2dbf7a7a02ff.jpg,2000,1361353,https://static-cdn4-2.vigbo.tech/u169129/128930/blog/6605903/6359717/83407648/2000-syrga_dif-71681d2ccdf5e83242cd2dbf7a7a02ff.jpg
alison-olivier,8,008-syrga_dif-db00024829272e1738af8b9968b1573f.jpg,2000,1658932,https://static-cdn4-2.vigbo.tech/u169129/128930/blog/6605903/6359717/83407648/2000-syrga_dif-db00024829272e1738af8b9968b1573f.jpg
alison-olivier,12,012-syrga_dif-8a8a787db7dbd2d12b6406fed39053a8.jpg,2000,1478367,https://static-cdn4-2.vigbo.tech/u169129/128930/blog/6605903/6359717/83407648/2000-syrga_dif-8a8a787db7dbd2d12b6406fed39053a8.jpg
alison-olivier,11,011-syrga_dif-1f89e820ff0abe057384ce0e98eb7dd3.jpg,2000,2387496,https://static-cdn4-2.vigbo.tech/u169129/128930/blog/6605903/6359717/83407648/2000-syrga_dif-1f89e820ff0abe057384ce0e98eb7dd3.jpg
alison-olivier,13,013-syrga_dif-d9263b3e269f254fed2ec699120f2af3.jpg,2000,2719169,https://static-cdn4-2.vigbo.tech/u169129/128930/blog/6605903/6359717/83407648/2000-syrga_dif-d9263b3e269f254fed2ec699120f2af3.jpg
alison-olivier,9,009-syrga_dif-3380bb36edd9783c0bb3fdcf2dcf27f2.jpg,2000,2154032,https://static-cdn4-2.vigbo.tech/u169129/128930/blog/6605903/6359717/83407648/2000-syrga_dif-3380bb36edd9783c0bb3fdcf2dcf27f2.jpg
alison-olivier,16,016-syrga_dif-90d2d0f9898f4d1fdced672d626ad294.jpg,2000,3116375,https://static-cdn4-2.vigbo.tech/u169129/128930/blog/6605903/6359717/83407648/2000-syrga_dif-90d2d0f9898f4d1fdced672d626ad294.jpg
alison-olivier,15,015-syrga_dif-56fd9afe94c1601be40b53c100776e07.jpg,2000,3577099,https://static-cdn4-2.vigbo.tech/u169129/128930/blog/6605903/6359717/83407648/2000-syrga_dif-56fd9afe94c1601be40b53c100776e07.jpg
alison-olivier,10,010-syrga_dif-01a381c69cd61334e09940d93b81be53.jpg,2000,4854121,https://static-cdn4-2.vigbo.tech/u169129/128930/blog/6605903/6359717/83407648/2000-syrga_dif-01a381c69cd61334e09940d93b81be53.jpg
alison-olivier,14,014-syrga_dif-b800fa1c5fba970db0448ec4e1a3fe5f.jpg,2000,2792443,https://static-cdn4-2.vigbo.tech/u169129/128930/blog/6605903/6359717/83407648/2000-syrga_dif-b800fa1c5fba970db0448ec4e1a3fe5f.jpg
alison-olivier,17,017-syrga_dif-e5b833b9be36a6dfc311b0c3ecd84f11.jpg,2000,3761068,https://static-cdn4-2.vigbo.tech/u169129/128930/blog/6605903/6359717/83407648/2000-syrga_dif-e5b833b9be36a6dfc311b0c3ecd84f11.jpg
alison-olivier,18,018-syrga_dif-6d312b88c17e2d59cd41934214e2cce0.jpg,2000,2404403,https://static-cdn4-2.vigbo.tech/u169129/128930/blog/6605903/6359717/83407648/2000-syrga_dif-6d312b88c17e2d59cd41934214e2cce0.jpg
alison-olivier,19,019-syrga_dif-3ff0bc7b1723182195e2c487f9a24ccd.jpg,2000,2380550,https://static-cdn4-2.vigbo.tech/u169129/128930/blog/6605903/6359717/83407648/2000-syrga_dif-3ff0bc7b1723182195e2c487f9a24ccd.jpg
alison-olivier,21,021-syrga_dif-206988cf3d6fc6da42c7cdcf0a3121b8.jpg,2000,3216122,https://static-cdn4-2.vigbo.tech/u169129/128930/blog/6605903/6359717/83407648/2000-syrga_dif-206988cf3d6fc6da42c7cdcf0a3121b8.jpg
alison-olivier,23,023-syrga_dif-3ac8473113714e967ee6353a71245c13.jpg,2000,1444980,https://static-cdn4-2.vigbo.tech/u169129/128930/blog/6605903/6359717/83407648/2000-syrga_dif-3ac8473113714e967ee6353a71245c13.jpg
alison-olivier,22,022-syrga_dif-92c6e7093db9a7d2064eb2d36d9621b6.jpg,2000,1342046,https://static-cdn4-2.vigbo.tech/u169129/128930/blog/6605903/6359717/83407648/2000-syrga_dif-92c6e7093db9a7d2064eb2d36d9621b6.jpg
alison-olivier,24,024-syrga_dif-b023a85b5e75674825a46d3f57f71ae9.jpg,2000,2495908,https://static-cdn4-2.vigbo.tech/u169129/128930/blog/6605903/6359717/83407648/2000-syrga_dif-b023a85b5e75674825a46d3f57f71ae9.jpg
alison-olivier,20,020-syrga_dif-02a0f96c4bf7ee81f80ba4409a2f22c8.jpg,2000,2585726,https://static-cdn4-2.vigbo.tech/u169129/128930/blog/6605903/6359717/83407648/2000-syrga_dif-02a0f96c4bf7ee81f80ba4409a2f22c8.jpg
alison-olivier,25,025-syrga_dif-bdd95d1dcdc9f94a516cba0e9055e270.jpg,2000,2348839,https://static-cdn4-2.vigbo.tech/u169129/128930/blog/6605903/6359717/83407648/2000-syrga_dif-bdd95d1dcdc9f94a516cba0e9055e270.jpg
alison-olivier,26,026-syrga_dif-fd1fb8792c3c3099a514c36cd3ed13ff.jpg,2000,1661248,https://static-cdn4-2.vigbo.tech/u169129/128930/blog/6605903/6359717/83407648/2000-syrga_dif-fd1fb8792c3c3099a514c36cd3ed13ff.jpg
alison-olivier,27,027-syrga_dif-1f35bc474e84c9a822cc3b5fecb17ac1.jpg,2000,3043284,https://static-cdn4-2.vigbo.tech/u169129/128930/blog/6605903/6359717/83407648/2000-syrga_dif-1f35bc474e84c9a822cc3b5fecb17ac1.jpg
kawtar-joffrey,1,001-dc39ecc1e67d148575823895e2a7fd28.jpg,orig,4371615,https://static-cdn4-2.vigbo.tech/u169129/128930/blog/6621719/6380852/section/dc39ecc1e67d148575823895e2a7fd28.jpg
alison-olivier,28,028-syrga_dif-510e0eb3a120c0c6ef25f6c878c2f8ad.jpg,2000,3766266,https://static-cdn4-2.vigbo.tech/u169129/128930/blog/6605903/6359717/83407648/2000-syrga_dif-510e0eb3a120c0c6ef25f6c878c2f8ad.jpg
alison-olivier,30,030-syrga_dif-b1e51c936b823bb769e6ba7f0bdce3bf.jpg,2000,2009913,https://static-cdn4-2.vigbo.tech/u169129/128930/blog/6605903/6359717/83407648/2000-syrga_dif-b1e51c936b823bb769e6ba7f0bdce3bf.jpg
alison-olivier,29,029-syrga_dif-0da0d41b03dae67c9cacceb6ef751887.jpg,2000,3507981,https://static-cdn4-2.vigbo.tech/u169129/128930/blog/6605903/6359717/83407648/2000-syrga_dif-0da0d41b03dae67c9cacceb6ef751887.jpg
kawtar-joffrey,2,002-syrga_dif-62a610b62c3b9ae3a798338715fa4677.jpg,2000,3057057,https://static-cdn4-2.vigbo.tech/u169129/128930/blog/6621719/6380850/83673189/2000-syrga_dif-62a610b62c3b9ae3a798338715fa4677.jpg
kawtar-joffrey,4,004-syrga_dif-ad9911f5c9278592eed74e5d7987889b.jpg,2000,2993858,https://static-cdn4-2.vigbo.tech/u169129/128930/blog/6621719/6380850/83673189/2000-syrga_dif-ad9911f5c9278592eed74e5d7987889b.jpg
kawtar-joffrey,5,005-syrga_dif-8efa7f18b6c5ea5a4ece4b912ab820dd.jpg,2000,4157093,https://static-cdn4-2.vigbo.tech/u169129/128930/blog/6621719/6380850/83673189/2000-syrga_dif-8efa7f18b6c5ea5a4ece4b912ab820dd.jpg
kawtar-joffrey,3,003-syrga_dif-2bd4eddf518e0fe3502b2325c79e79cc.jpg,2000,3285005,https://static-cdn4-2.vigbo.tech/u169129/128930/blog/6621719/6380850/83673189/2000-syrga_dif-2bd4eddf518e0fe3502b2325c79e79cc.jpg
kawtar-joffrey,6,006-syrga_dif-2c7ffe4732a276300bfd24774aa466d2.jpg,2000,2793523,https://static-cdn4-2.vigbo.tech/u169129/128930/blog/6621719/6380850/83673189/2000-syrga_dif-2c7ffe4732a276300bfd24774aa466d2.jpg
kawtar-joffrey,7,007-syrga_dif-b996243868215fc13c63b6c40d2721f3.jpg,2000,7593649,https://static-cdn4-2.vigbo.tech/u169129/128930/blog/6621719/6380850/83673189/2000-syrga_dif-b996243868215fc13c63b6c40d2721f3.jpg
kawtar-joffrey,10,010-syrga_dif-f33807a67e1785f635ca3e086514ac88.jpg,2000,3042881,https://static-cdn4-2.vigbo.tech/u169129/128930/blog/6621719/6380850/83673189/2000-syrga_dif-f33807a67e1785f635ca3e086514ac88.jpg
kawtar-joffrey,11,011-syrga_dif-4d5167baa856c3a474831d4cbcf605fb.jpg,2000,3257452,https://static-cdn4-2.vigbo.tech/u169129/128930/blog/6621719/6380850/83673189/2000-syrga_dif-4d5167baa856c3a474831d4cbcf605fb.jpg
kawtar-joffrey,12,012-syrga_dif-a779facaee9b1ec34f557940e7f2581e.jpg,2000,1507391,https://static-cdn4-2.vigbo.tech/u169129/128930/blog/6621719/6380850/83673189/2000-syrga_dif-a779facaee9b1ec34f557940e7f2581e.jpg
kawtar-joffrey,9,009-syrga_dif-f5334555a8a11c5c4c12ab8f725b6fbe.jpg,2000,4068016,https://static-cdn4-2.vigbo.tech/u169129/128930/blog/6621719/6380850/83673189/2000-syrga_dif-f5334555a8a11c5c4c12ab8f725b6fbe.jpg
kawtar-joffrey,8,008-syrga_dif-11d4d0d0de1847d18ab4d01326fc7ca9.jpg,2000,3926701,https://static-cdn4-2.vigbo.tech/u169129/128930/blog/6621719/6380850/83673189/2000-syrga_dif-11d4d0d0de1847d18ab4d01326fc7ca9.jpg
kawtar-joffrey,13,013-syrga_dif-2a8113f47906ab8efa32f8eff17b2440.jpg,2000,1441700,https://static-cdn4-2.vigbo.tech/u169129/128930/blog/6621719/6380850/83673189/2000-syrga_dif-2a8113f47906ab8efa32f8eff17b2440.jpg
kawtar-joffrey,15,015-syrga_dif-dc62c686d7f13d3fcd347f3d9e08b859.jpg,2000,1661682,https://static-cdn4-2.vigbo.tech/u169129/128930/blog/6621719/6380850/83673189/2000-syrga_dif-dc62c686d7f13d3fcd347f3d9e08b859.jpg
kawtar-joffrey,14,014-syrga_dif-678fdaaa2352c88c213384fc5d391eae.jpg,2000,2760193,https://static-cdn4-2.vigbo.tech/u169129/128930/blog/6621719/6380850/83673189/2000-syrga_dif-678fdaaa2352c88c213384fc5d391eae.jpg
kawtar-joffrey,16,016-syrga_dif-5431d06fae757b94b7e81e95241514b9.jpg,2000,3053609,https://static-cdn4-2.vigbo.tech/u169129/128930/blog/6621719/6380850/83673189/2000-syrga_dif-5431d06fae757b94b7e81e95241514b9.jpg
kawtar-joffrey,18,018-syrga_dif-2cd226ced58ff591d58347bb582612de.jpg,2000,4876903,https://static-cdn4-2.vigbo.tech/u169129/128930/blog/6621719/6380850/83673189/2000-syrga_dif-2cd226ced58ff591d58347bb582612de.jpg
kawtar-joffrey,19,019-syrga_dif-4dc62500156cf337871b62527ff02ab0.jpg,2000,3494102,https://static-cdn4-2.vigbo.tech/u169129/128930/blog/6621719/6380850/83673189/2000-syrga_dif-4dc62500156cf337871b62527ff02ab0.jpg
kawtar-joffrey,21,021-syrga_dif-04782462a2a68be29a1c5927a2edaf3e.jpg,2000,3043564,https://static-cdn4-2.vigbo.tech/u169129/128930/blog/6621719/6380850/83673189/2000-syrga_dif-04782462a2a68be29a1c5927a2edaf3e.jpg
kawtar-joffrey,17,017-syrga_dif-ecdfade9f2cbd6645fbcd59bb47f9d2c.jpg,2000,4375134,https://static-cdn4-2.vigbo.tech/u169129/128930/blog/6621719/6380850/83673189/2000-syrga_dif-ecdfade9f2cbd6645fbcd59bb47f9d2c.jpg
kawtar-joffrey,23,023-syrga_dif-d45b95835c5a10f5d7734b4f946a9085.jpg,2000,4017599,https://static-cdn4-2.vigbo.tech/u169129/128930/blog/6621719/6380850/83673189/2000-syrga_dif-d45b95835c5a10f5d7734b4f946a9085.jpg
kawtar-joffrey,24,024-syrga_dif-4132bf1f55933883ac910446b38d9541.jpg,2000,1325624,https://static-cdn4-2.vigbo.tech/u169129/128930/blog/6621719/6380850/83673189/2000-syrga_dif-4132bf1f55933883ac910446b38d9541.jpg
kawtar-joffrey,20,020-syrga_dif-d075e0d4056c24038eac6331c8247336.jpg,2000,1291652,https://static-cdn4-2.vigbo.tech/u169129/128930/blog/6621719/6380850/83673189/2000-syrga_dif-d075e0d4056c24038eac6331c8247336.jpg
kawtar-joffrey,25,025-syrga_dif-7ba4aab489e55f1f05b1c0bd2a551270.jpg,2000,2528465,https://static-cdn4-2.vigbo.tech/u169129/128930/blog/6621719/6380850/83673189/2000-syrga_dif-7ba4aab489e55f1f05b1c0bd2a551270.jpg
kawtar-joffrey,22,022-syrga_dif-7ead77a5caec6e1d93925c6235ffa397.jpg,2000,2639746,https://static-cdn4-2.vigbo.tech/u169129/128930/blog/6621719/6380850/83673189/2000-syrga_dif-7ead77a5caec6e1d93925c6235ffa397.jpg
kawtar-joffrey,26,026-syrga_dif-7c8a2c99e73f02e3939ca938e330f7ed.jpg,2000,3218199,https://static-cdn4-2.vigbo.tech/u169129/128930/blog/6621719/6380850/83673189/2000-syrga_dif-7c8a2c99e73f02e3939ca938e330f7ed.jpg
kawtar-joffrey,30,030-syrga_dif-21c9443d112574732d9259fd59b000aa.jpg,2000,3352669,https://static-cdn4-2.vigbo.tech/u169129/128930/blog/6621719/6380850/83673189/2000-syrga_dif-21c9443d112574732d9259fd59b000aa.jpg
kawtar-joffrey,27,027-syrga_dif-e055a8a5d6906c4183e0d3c97da81915.jpg,2000,4764660,https://static-cdn4-2.vigbo.tech/u169129/128930/blog/6621719/6380850/83673189/2000-syrga_dif-e055a8a5d6906c4183e0d3c97da81915.jpg
kawtar-joffrey,28,028-syrga_dif-49ffe5802d339a5364b442da635005a2.jpg,2000,6766654,https://static-cdn4-2.vigbo.tech/u169129/128930/blog/6621719/6380850/83673189/2000-syrga_dif-49ffe5802d339a5364b442da635005a2.jpg
kawtar-joffrey,32,032-syrga_dif-06e58c661b80201596537ae36aaaf606.jpg,2000,3684902,https://static-cdn4-2.vigbo.tech/u169129/128930/blog/6621719/6380850/83673189/2000-syrga_dif-06e58c661b80201596537ae36aaaf606.jpg
kawtar-joffrey,29,029-syrga_dif-5be34223aacd7456e34905f78bc52acb.jpg,2000,3294188,https://static-cdn4-2.vigbo.tech/u169129/128930/blog/6621719/6380850/83673189/2000-syrga_dif-5be34223aacd7456e34905f78bc52acb.jpg
kawtar-joffrey,31,031-syrga_dif-e2be7187bee55fea68ab69348f5ad76b.jpg,2000,4934477,https://static-cdn4-2.vigbo.tech/u169129/128930/blog/6621719/6380850/83673189/2000-syrga_dif-e2be7187bee55fea68ab69348f5ad76b.jpg
kawtar-joffrey,33,033-syrga_dif-ab3a52cd25f10a516d5487f371a0e3de.jpg,2000,5032818,https://static-cdn4-2.vigbo.tech/u169129/128930/blog/6621719/6380850/83673189/2000-syrga_dif-ab3a52cd25f10a516d5487f371a0e3de.jpg
kawtar-joffrey,35,035-syrga_dif-f41a4d6950cee62aeea0930408da56fe.jpg,2000,3299718,https://static-cdn4-2.vigbo.tech/u169129/128930/blog/6621719/6380850/83673189/2000-syrga_dif-f41a4d6950cee62aeea0930408da56fe.jpg
kawtar-joffrey,36,036-syrga_dif-4a9f11cfe5bf2ebc3cc44b3c6801137a.jpg,2000,7157745,https://static-cdn4-2.vigbo.tech/u169129/128930/blog/6621719/6380850/83673189/2000-syrga_dif-4a9f11cfe5bf2ebc3cc44b3c6801137a.jpg
kawtar-joffrey,34,034-syrga_dif-9337850d48d0c4c142905c4518d9f5d7.jpg,2000,5677227,https://static-cdn4-2.vigbo.tech/u169129/128930/blog/6621719/6380850/83673189/2000-syrga_dif-9337850d48d0c4c142905c4518d9f5d7.jpg
kawtar-joffrey,39,039-syrga_dif-da8ef0a7feb6acde23a25dbc99517f7e.jpg,2000,4216392,https://static-cdn4-2.vigbo.tech/u169129/128930/blog/6621719/6380850/83673189/2000-syrga_dif-da8ef0a7feb6acde23a25dbc99517f7e.jpg
kawtar-joffrey,37,037-syrga_dif-86c9b9afd2fc5d6fcf4d94dabd05f0e5.jpg,2000,5520357,https://static-cdn4-2.vigbo.tech/u169129/128930/blog/6621719/6380850/83673189/2000-syrga_dif-86c9b9afd2fc5d6fcf4d94dabd05f0e5.jpg
kawtar-joffrey,38,038-syrga_dif-5929b7e7f585cb29e4a44ccfb8e7becd.jpg,2000,3307794,https://static-cdn4-2.vigbo.tech/u169129/128930/blog/6621719/6380850/83673189/2000-syrga_dif-5929b7e7f585cb29e4a44ccfb8e7becd.jpg
sara-thomas,1,001-1da071ed10f75f2a24a5c03f6cee01a7.jpg,orig,2860553,https://static-cdn4-2.vigbo.tech/u169129/128930/blog/6647955/6414915/section/1da071ed10f75f2a24a5c03f6cee01a7.jpg
kawtar-joffrey,40,040-syrga_dif-28bdcf5a77e8d6a295722c5ea5bc4a14.jpg,2000,4156262,https://static-cdn4-2.vigbo.tech/u169129/128930/blog/6621719/6380850/83673189/2000-syrga_dif-28bdcf5a77e8d6a295722c5ea5bc4a14.jpg
kawtar-joffrey,43,043-syrga_dif-71e02f96b25a6621c96b70f08a9a5606.jpg,2000,3162609,https://static-cdn4-2.vigbo.tech/u169129/128930/blog/6621719/6380850/83673189/2000-syrga_dif-71e02f96b25a6621c96b70f08a9a5606.jpg
sara-thomas,4,004-syrga_dif-7ba05e92e19e6aa0ead90c521b18f4a9.jpg,2000,2959564,https://static-cdn4-2.vigbo.tech/u169129/128930/blog/6647955/6414914/84140527/2000-syrga_dif-7ba05e92e19e6aa0ead90c521b18f4a9.jpg
sara-thomas,3,003-syrga_dif-2854279be5ce0f0826657653b1ea2bdf.jpg,2000,3368545,https://static-cdn4-2.vigbo.tech/u169129/128930/blog/6647955/6414914/84140527/2000-syrga_dif-2854279be5ce0f0826657653b1ea2bdf.jpg
kawtar-joffrey,42,042-syrga_dif-3d7d1f4b693bd3845c6a6af95224bd08.jpg,2000,2836784,https://static-cdn4-2.vigbo.tech/u169129/128930/blog/6621719/6380850/83673189/2000-syrga_dif-3d7d1f4b693bd3845c6a6af95224bd08.jpg
sara-thomas,2,002-syrga_dif-13bb52716a45a1aec93b7123745fee76.jpg,2000,3206710,https://static-cdn4-2.vigbo.tech/u169129/128930/blog/6647955/6414914/84140527/2000-syrga_dif-13bb52716a45a1aec93b7123745fee76.jpg
kawtar-joffrey,41,041-syrga_dif-b7083ac7e7e836a036f393d0ef586c2c.jpg,2000,7073930,https://static-cdn4-2.vigbo.tech/u169129/128930/blog/6621719/6380850/83673189/2000-syrga_dif-b7083ac7e7e836a036f393d0ef586c2c.jpg
sara-thomas,5,005-syrga_dif-8cf17c9c0756a100d5f459b33ed11eba.jpg,2000,4313847,https://static-cdn4-2.vigbo.tech/u169129/128930/blog/6647955/6414914/84140527/2000-syrga_dif-8cf17c9c0756a100d5f459b33ed11eba.jpg
sara-thomas,6,006-syrga_dif-425c3277c63351de3badcdebc2bd27f1.jpg,2000,2707692,https://static-cdn4-2.vigbo.tech/u169129/128930/blog/6647955/6414914/84140527/2000-syrga_dif-425c3277c63351de3badcdebc2bd27f1.jpg
sara-thomas,8,008-syrga_dif-33a25f3054df854030eab14c3fc7558a.jpg,2000,2783272,https://static-cdn4-2.vigbo.tech/u169129/128930/blog/6647955/6414914/84140527/2000-syrga_dif-33a25f3054df854030eab14c3fc7558a.jpg
sara-thomas,7,007-syrga_dif-3f38a0d3def6ff3c34fb7c18c357da25.jpg,2000,2883297,https://static-cdn4-2.vigbo.tech/u169129/128930/blog/6647955/6414914/84140527/2000-syrga_dif-3f38a0d3def6ff3c34fb7c18c357da25.jpg
sara-thomas,10,010-syrga_dif-db21ece9a8552c2d95769d242d45e7ec.jpg,2000,5318140,https://static-cdn4-2.vigbo.tech/u169129/128930/blog/6647955/6414914/84140527/2000-syrga_dif-db21ece9a8552c2d95769d242d45e7ec.jpg
sara-thomas,11,011-syrga_dif-19c8ead6bb0be729f0e4c8481c25fc93.jpg,2000,4822985,https://static-cdn4-2.vigbo.tech/u169129/128930/blog/6647955/6414914/84140527/2000-syrga_dif-19c8ead6bb0be729f0e4c8481c25fc93.jpg
sara-thomas,13,013-syrga_dif-cf5f3ee7a99bac84cbb00152034a883e.jpg,2000,3290370,https://static-cdn4-2.vigbo.tech/u169129/128930/blog/6647955/6414914/84140527/2000-syrga_dif-cf5f3ee7a99bac84cbb00152034a883e.jpg
sara-thomas,12,012-syrga_dif-b2a2660ab9cc2a6b12d2a75ac1c0668d.jpg,2000,2806519,https://static-cdn4-2.vigbo.tech/u169129/128930/blog/6647955/6414914/84140527/2000-syrga_dif-b2a2660ab9cc2a6b12d2a75ac1c0668d.jpg
sara-thomas,9,009-syrga_dif-54893814f07829106bfe79dd66764648.jpg,2000,2916171,https://static-cdn4-2.vigbo.tech/u169129/128930/blog/6647955/6414914/84140527/2000-syrga_dif-54893814f07829106bfe79dd66764648.jpg
sara-thomas,15,015-syrga_dif-4d3c31b7127847cd0e58cd04e639b3aa.jpg,2000,3484625,https://static-cdn4-2.vigbo.tech/u169129/128930/blog/6647955/6414914/84140527/2000-syrga_dif-4d3c31b7127847cd0e58cd04e639b3aa.jpg
sara-thomas,14,014-syrga_dif-b51bb288b3e9e16b2ddd983234aa3ce3.jpg,2000,2126232,https://static-cdn4-2.vigbo.tech/u169129/128930/blog/6647955/6414914/84140527/2000-syrga_dif-b51bb288b3e9e16b2ddd983234aa3ce3.jpg
sara-thomas,18,018-syrga_dif-83fb902ec1c8d862d86bc529fe295dc7.jpg,2000,2329753,https://static-cdn4-2.vigbo.tech/u169129/128930/blog/6647955/6414914/84140527/2000-syrga_dif-83fb902ec1c8d862d86bc529fe295dc7.jpg
sara-thomas,16,016-syrga_dif-eee115944c80fb3cd0cb597f2f301065.jpg,2000,4199050,https://static-cdn4-2.vigbo.tech/u169129/128930/blog/6647955/6414914/84140527/2000-syrga_dif-eee115944c80fb3cd0cb597f2f301065.jpg
sara-thomas,20,020-syrga_dif-91d321e834af1d4671cfaf79aafafeb9.jpg,2000,2691099,https://static-cdn4-2.vigbo.tech/u169129/128930/blog/6647955/6414914/84140527/2000-syrga_dif-91d321e834af1d4671cfaf79aafafeb9.jpg
sara-thomas,19,019-syrga_dif-23df8e5a15b0e49dbb61ced9ed6cde59.jpg,2000,3080581,https://static-cdn4-2.vigbo.tech/u169129/128930/blog/6647955/6414914/84140527/2000-syrga_dif-23df8e5a15b0e49dbb61ced9ed6cde59.jpg
sara-thomas,17,017-syrga_dif-8cb1d5e987a21a8808aabeb9faad77eb.jpg,2000,3485735,https://static-cdn4-2.vigbo.tech/u169129/128930/blog/6647955/6414914/84140527/2000-syrga_dif-8cb1d5e987a21a8808aabeb9faad77eb.jpg
sara-thomas,21,021-syrga_dif-a0adec25989dc36e5eafd02e80d2afd4.jpg,2000,2688309,https://static-cdn4-2.vigbo.tech/u169129/128930/blog/6647955/6414914/84140527/2000-syrga_dif-a0adec25989dc36e5eafd02e80d2afd4.jpg
sara-thomas,22,022-syrga_dif-d303bbbe598201223c2951b95eefcf37.jpg,2000,3488692,https://static-cdn4-2.vigbo.tech/u169129/128930/blog/6647955/6414914/84140527/2000-syrga_dif-d303bbbe598201223c2951b95eefcf37.jpg
sara-thomas,23,023-syrga_dif-48598f2b6148bd9c7141912d42a00428.jpg,2000,2486998,https://static-cdn4-2.vigbo.tech/u169129/128930/blog/6647955/6414914/84140527/2000-syrga_dif-48598f2b6148bd9c7141912d42a00428.jpg
sara-thomas,24,024-syrga_dif-e2d492531b1aac5971a6c3c2da97ab99.jpg,2000,1916420,https://static-cdn4-2.vigbo.tech/u169129/128930/blog/6647955/6414914/84140527/2000-syrga_dif-e2d492531b1aac5971a6c3c2da97ab99.jpg
sara-thomas,25,025-syrga_dif-d0188b8d3bd4f9b2274792cf53694687.jpg,2000,1726912,https://static-cdn4-2.vigbo.tech/u169129/128930/blog/6647955/6414914/84140527/2000-syrga_dif-d0188b8d3bd4f9b2274792cf53694687.jpg
sara-thomas,26,026-syrga_dif-236fbdf25b921897bdc161bda7ba811c.jpg,2000,2735062,https://static-cdn4-2.vigbo.tech/u169129/128930/blog/6647955/6414914/84140527/2000-syrga_dif-236fbdf25b921897bdc161bda7ba811c.jpg
sara-thomas,27,027-syrga_dif-fed916a4ba63f7a894e2a37b7234033a.jpg,2000,1390182,https://static-cdn4-2.vigbo.tech/u169129/128930/blog/6647955/6414914/84140527/2000-syrga_dif-fed916a4ba63f7a894e2a37b7234033a.jpg
sara-thomas,28,028-syrga_dif-badbee94ce709a11f28f4d7c5067db80.jpg,2000,3484920,https://static-cdn4-2.vigbo.tech/u169129/128930/blog/6647955/6414914/84140527/2000-syrga_dif-badbee94ce709a11f28f4d7c5067db80.jpg
sara-thomas,29,029-syrga_dif-0edad9aba0553addaefae7cab1cb0c4a.jpg,2000,2770377,https://static-cdn4-2.vigbo.tech/u169129/128930/blog/6647955/6414914/84140527/2000-syrga_dif-0edad9aba0553addaefae7cab1cb0c4a.jpg
sara-thomas,30,030-syrga_dif-04930d185a3a52f14606c1751a1c003d.jpg,2000,2865157,https://static-cdn4-2.vigbo.tech/u169129/128930/blog/6647955/6414914/84140527/2000-syrga_dif-04930d185a3a52f14606c1751a1c003d.jpg
sara-thomas,31,031-syrga_dif-dbfed1b9d3be7345e53d27b6f1af2f29.jpg,2000,2884021,https://static-cdn4-2.vigbo.tech/u169129/128930/blog/6647955/6414914/84140527/2000-syrga_dif-dbfed1b9d3be7345e53d27b6f1af2f29.jpg
sara-thomas,32,032-syrga_dif-894dc0df56f38f0cbd0cfd983d27fd25.jpg,2000,4960518,https://static-cdn4-2.vigbo.tech/u169129/128930/blog/6647955/6414914/84140527/2000-syrga_dif-894dc0df56f38f0cbd0cfd983d27fd25.jpg
sara-thomas,33,033-syrga_dif-9cc6dbe90c7092801d4e364f12060da9.jpg,2000,4135538,https://static-cdn4-2.vigbo.tech/u169129/128930/blog/6647955/6414914/84140527/2000-syrga_dif-9cc6dbe90c7092801d4e364f12060da9.jpg
sara-thomas,37,037-syrga_dif-58ed39a714e3c5c7157bb82dc1aa4c74.jpg,2000,1703158,https://static-cdn4-2.vigbo.tech/u169129/128930/blog/6647955/6414914/84140527/2000-syrga_dif-58ed39a714e3c5c7157bb82dc1aa4c74.jpg
sara-thomas,34,034-syrga_dif-364faa04bd5593c9a86fd92b99edcd10.jpg,2000,5020790,https://static-cdn4-2.vigbo.tech/u169129/128930/blog/6647955/6414914/84140527/2000-syrga_dif-364faa04bd5593c9a86fd92b99edcd10.jpg
sara-thomas,36,036-syrga_dif-877bb00ceb91af12b090395d29387899.jpg,2000,3961023,https://static-cdn4-2.vigbo.tech/u169129/128930/blog/6647955/6414914/84140527/2000-syrga_dif-877bb00ceb91af12b090395d29387899.jpg
sara-thomas,38,038-syrga_dif-779c753e6de4b3cb8abdb2917f54eb38.jpg,2000,2680258,https://static-cdn4-2.vigbo.tech/u169129/128930/blog/6647955/6414914/84140527/2000-syrga_dif-779c753e6de4b3cb8abdb2917f54eb38.jpg
sara-thomas,35,035-syrga_dif-cd59a60317cb1cb92f3e8b4963328467.jpg,2000,3820394,https://static-cdn4-2.vigbo.tech/u169129/128930/blog/6647955/6414914/84140527/2000-syrga_dif-cd59a60317cb1cb92f3e8b4963328467.jpg
sara-thomas,41,041-syrga_dif-35a41ef90e053e0b9327d535bc8b7e5b.jpg,2000,3188739,https://static-cdn4-2.vigbo.tech/u169129/128930/blog/6647955/6414914/84140527/2000-syrga_dif-35a41ef90e053e0b9327d535bc8b7e5b.jpg
sara-thomas,39,039-syrga_dif-9ca4c2c1d5270f7a5a545c2ee5f23f31.jpg,2000,3259798,https://static-cdn4-2.vigbo.tech/u169129/128930/blog/6647955/6414914/84140527/2000-syrga_dif-9ca4c2c1d5270f7a5a545c2ee5f23f31.jpg
sara-thomas,42,042-syrga_dif-2157cd05498b4ed5c97efdecb60aca8d.jpg,2000,1816919,https://static-cdn4-2.vigbo.tech/u169129/128930/blog/6647955/6414914/84140527/2000-syrga_dif-2157cd05498b4ed5c97efdecb60aca8d.jpg
sara-thomas,43,043-syrga_dif-de7ec96797030d350c1e41b2404dafe0.jpg,2000,3193602,https://static-cdn4-2.vigbo.tech/u169129/128930/blog/6647955/6414914/84140527/2000-syrga_dif-de7ec96797030d350c1e41b2404dafe0.jpg
sara-thomas,44,044-syrga_dif-3ba4d1cca97f6f5d80483bf9341c4bac.jpg,2000,4120379,https://static-cdn4-2.vigbo.tech/u169129/128930/blog/6647955/6414914/84140527/2000-syrga_dif-3ba4d1cca97f6f5d80483bf9341c4bac.jpg
sara-thomas,47,047-syrga_dif-6bf560efdc17d932e09aa59c9c7510fd.jpg,2000,3305489,https://static-cdn4-2.vigbo.tech/u169129/128930/blog/6647955/6414914/84140527/2000-syrga_dif-6bf560efdc17d932e09aa59c9c7510fd.jpg
rebecca-daniel,1,001-2e8db67bcc8a589e65f9cf080ac53963.jpg,orig,567892,https://static-cdn4-2.vigbo.tech/u169129/128930/blog/7777264/7681648/section/2e8db67bcc8a589e65f9cf080ac53963.jpg
sara-thomas,45,045-syrga_dif-132e2053cf4e529ccd45910d2d740da4.jpg,2000,4447180,https://static-cdn4-2.vigbo.tech/u169129/128930/blog/6647955/6414914/84140527/2000-syrga_dif-132e2053cf4e529ccd45910d2d740da4.jpg
sara-thomas,46,046-syrga_dif-08d21fc9914cc31eccaa9a4f04def98e.jpg,2000,3631921,https://static-cdn4-2.vigbo.tech/u169129/128930/blog/6647955/6414914/84140527/2000-syrga_dif-08d21fc9914cc31eccaa9a4f04def98e.jpg
sara-thomas,40,040-syrga_dif-8c784026517ed2c8e49cd81a7f2a30f1.jpg,2000,2742947,https://static-cdn4-2.vigbo.tech/u169129/128930/blog/6647955/6414914/84140527/2000-syrga_dif-8c784026517ed2c8e49cd81a7f2a30f1.jpg
sara-thomas,48,048-syrga_dif-7de916d815b455b539320f0e361201a6.jpg,2000,3741728,https://static-cdn4-2.vigbo.tech/u169129/128930/blog/6647955/6414914/84140527/2000-syrga_dif-7de916d815b455b539320f0e361201a6.jpg
sara-thomas,49,049-syrga_dif-2b03d1ef70761a57ff43eeb4278be81b.jpg,2000,2184932,https://static-cdn4-2.vigbo.tech/u169129/128930/blog/6647955/6414914/84140527/2000-syrga_dif-2b03d1ef70761a57ff43eeb4278be81b.jpg
rebecca-daniel,5,005-syrga_dif-e1c975ef7f734c6f9c09991aee6066a2.jpg,2000,607294,https://static-cdn4-2.vigbo.tech/u169129/128930/blog/7777264/7681646/100961728/2000-syrga_dif-e1c975ef7f734c6f9c09991aee6066a2.jpg
rebecca-daniel,4,004-syrga_dif-f813b7943fa8cff030540a8ccfdb0bba.jpg,2000,670415,https://static-cdn4-2.vigbo.tech/u169129/128930/blog/7777264/7681646/100961728/2000-syrga_dif-f813b7943fa8cff030540a8ccfdb0bba.jpg
rebecca-daniel,7,007-syrga_dif-ac620d39b1a13a4fe78c4a2c515bf1b3.jpg,2000,681930,https://static-cdn4-2.vigbo.tech/u169129/128930/blog/7777264/7681646/100961728/2000-syrga_dif-ac620d39b1a13a4fe78c4a2c515bf1b3.jpg
rebecca-daniel,6,006-syrga_dif-c000b575508621ecb6bdb61400b87c5c.jpg,2000,498566,https://static-cdn4-2.vigbo.tech/u169129/128930/blog/7777264/7681646/100961728/2000-syrga_dif-c000b575508621ecb6bdb61400b87c5c.jpg
rebecca-daniel,2,002-syrga_dif-84baccd0f59f0249162bf81720893648.jpg,2000,750660,https://static-cdn4-2.vigbo.tech/u169129/128930/blog/7777264/7681646/100961728/2000-syrga_dif-84baccd0f59f0249162bf81720893648.jpg
rebecca-daniel,10,010-syrga_dif-6b1a92b30b78367cd140fafb8410e1ef.jpg,2000,371182,https://static-cdn4-2.vigbo.tech/u169129/128930/blog/7777264/7681646/100961728/2000-syrga_dif-6b1a92b30b78367cd140fafb8410e1ef.jpg
rebecca-daniel,8,008-syrga_dif-904b0b7fa132afc0360157a1a94e182d.jpg,2000,922669,https://static-cdn4-2.vigbo.tech/u169129/128930/blog/7777264/7681646/100961728/2000-syrga_dif-904b0b7fa132afc0360157a1a94e182d.jpg
rebecca-daniel,11,011-syrga_dif-bffa133ff87626fff68de9d3f4ed576d.jpg,2000,800180,https://static-cdn4-2.vigbo.tech/u169129/128930/blog/7777264/7681646/100961728/2000-syrga_dif-bffa133ff87626fff68de9d3f4ed576d.jpg
rebecca-daniel,9,009-syrga_dif-fc4cd71cf6d6d7cd5f57ce0d6a4c4d92.jpg,2000,600383,https://static-cdn4-2.vigbo.tech/u169129/128930/blog/7777264/7681646/100961728/2000-syrga_dif-fc4cd71cf6d6d7cd5f57ce0d6a4c4d92.jpg
rebecca-daniel,12,012-syrga_dif-7cdc98f9f8b797b6b35a640cc21a7ae3.jpg,2000,359163,https://static-cdn4-2.vigbo.tech/u169129/128930/blog/7777264/7681646/100961728/2000-syrga_dif-7cdc98f9f8b797b6b35a640cc21a7ae3.jpg
rebecca-daniel,14,014-syrga_dif-38faef29ff02c1ea7f8ee1be2441f0b1.jpg,2000,854116,https://static-cdn4-2.vigbo.tech/u169129/128930/blog/7777264/7681646/100961728/2000-syrga_dif-38faef29ff02c1ea7f8ee1be2441f0b1.jpg
rebecca-daniel,3,003-syrga_dif-896e8ccdc6a8e2bf47afaf15dfc57889.jpg,2000,525786,https://static-cdn4-2.vigbo.tech/u169129/128930/blog/7777264/7681646/100961728/2000-syrga_dif-896e8ccdc6a8e2bf47afaf15dfc57889.jpg
rebecca-daniel,15,015-syrga_dif-19269cb60dead5d85c3f49ce8f31d999.jpg,2000,492207,https://static-cdn4-2.vigbo.tech/u169129/128930/blog/7777264/7681646/100961728/2000-syrga_dif-19269cb60dead5d85c3f49ce8f31d999.jpg
rebecca-daniel,16,016-syrga_dif-d27402ae2f316426ec06c8707a3560f8.jpg,2000,1190877,https://static-cdn4-2.vigbo.tech/u169129/128930/blog/7777264/7681646/100961728/2000-syrga_dif-d27402ae2f316426ec06c8707a3560f8.jpg
rebecca-daniel,13,013-syrga_dif-c58b196f94048bf45965f3902c1feeb2.jpg,2000,903737,https://static-cdn4-2.vigbo.tech/u169129/128930/blog/7777264/7681646/100961728/2000-syrga_dif-c58b196f94048bf45965f3902c1feeb2.jpg
rebecca-daniel,19,019-syrga_dif-7327021e9790823889748d07a32f4096.jpg,2000,500538,https://static-cdn4-2.vigbo.tech/u169129/128930/blog/7777264/7681646/100961728/2000-syrga_dif-7327021e9790823889748d07a32f4096.jpg
rebecca-daniel,17,017-syrga_dif-1dae82b36d711a5dbea0c9c6cae3c48c.jpg,2000,454284,https://static-cdn4-2.vigbo.tech/u169129/128930/blog/7777264/7681646/100961728/2000-syrga_dif-1dae82b36d711a5dbea0c9c6cae3c48c.jpg
rebecca-daniel,20,020-syrga_dif-53958816d1ba62f61a32bd559451c65f.jpg,2000,577648,https://static-cdn4-2.vigbo.tech/u169129/128930/blog/7777264/7681646/100961728/2000-syrga_dif-53958816d1ba62f61a32bd559451c65f.jpg
rebecca-daniel,22,022-syrga_dif-566e47fb07ab60a20bb31d1f2510f26f.jpg,2000,528090,https://static-cdn4-2.vigbo.tech/u169129/128930/blog/7777264/7681646/100961728/2000-syrga_dif-566e47fb07ab60a20bb31d1f2510f26f.jpg
rebecca-daniel,21,021-syrga_dif-e3c765abcf07df97370a12d41986575a.jpg,2000,651884,https://static-cdn4-2.vigbo.tech/u169129/128930/blog/7777264/7681646/100961728/2000-syrga_dif-e3c765abcf07df97370a12d41986575a.jpg
rebecca-daniel,23,023-syrga_dif-dcbcd106d937eb211f787e0329c48c3d.jpg,2000,360339,https://static-cdn4-2.vigbo.tech/u169129/128930/blog/7777264/7681646/100961728/2000-syrga_dif-dcbcd106d937eb211f787e0329c48c3d.jpg
rebecca-daniel,18,018-syrga_dif-ce686737fd8dd2e4899a15445253a90f.jpg,2000,446466,https://static-cdn4-2.vigbo.tech/u169129/128930/blog/7777264/7681646/100961728/2000-syrga_dif-ce686737fd8dd2e4899a15445253a90f.jpg
rebecca-daniel,24,024-syrga_dif-1f04a61e4417f6fad0a19f4f4f8afd2b.jpg,2000,699899,https://static-cdn4-2.vigbo.tech/u169129/128930/blog/7777264/7681646/100961728/2000-syrga_dif-1f04a61e4417f6fad0a19f4f4f8afd2b.jpg
rebecca-daniel,27,027-syrga_dif-f0f81be306a2d72334cfce3cb80bb1ed.jpg,2000,498964,https://static-cdn4-2.vigbo.tech/u169129/128930/blog/7777264/7681646/100961728/2000-syrga_dif-f0f81be306a2d72334cfce3cb80bb1ed.jpg
rebecca-daniel,26,026-syrga_dif-8eb750e4105b710699aa38ff67877e1b.jpg,2000,793311,https://static-cdn4-2.vigbo.tech/u169129/128930/blog/7777264/7681646/100961728/2000-syrga_dif-8eb750e4105b710699aa38ff67877e1b.jpg
rebecca-daniel,25,025-syrga_dif-3ce79c52d0c2c62697544f3f1f1b37f8.jpg,2000,501633,https://static-cdn4-2.vigbo.tech/u169129/128930/blog/7777264/7681646/100961728/2000-syrga_dif-3ce79c52d0c2c62697544f3f1f1b37f8.jpg
rebecca-daniel,28,028-syrga_dif-e4baa6e418abc2b8f339ce9fa0eaf6f6.jpg,2000,521651,https://static-cdn4-2.vigbo.tech/u169129/128930/blog/7777264/7681646/100961728/2000-syrga_dif-e4baa6e418abc2b8f339ce9fa0eaf6f6.jpg
rebecca-daniel,30,030-syrga_dif-0e173297c727b49b112daeb469252da8.jpg,2000,711502,https://static-cdn4-2.vigbo.tech/u169129/128930/blog/7777264/7681646/100961728/2000-syrga_dif-0e173297c727b49b112daeb469252da8.jpg
rebecca-daniel,32,032-syrga_dif-966b50371ea62a164d4fa9acda26ba95.jpg,2000,743062,https://static-cdn4-2.vigbo.tech/u169129/128930/blog/7777264/7681646/100961728/2000-syrga_dif-966b50371ea62a164d4fa9acda26ba95.jpg
rebecca-daniel,31,031-syrga_dif-5d1eaa2ad91c534566b713d6ee38a395.jpg,2000,421388,https://static-cdn4-2.vigbo.tech/u169129/128930/blog/7777264/7681646/100961728/2000-syrga_dif-5d1eaa2ad91c534566b713d6ee38a395.jpg
rebecca-daniel,33,033-syrga_dif-d75994dfcf171686c6eb190e1ab13510.jpg,2000,625171,https://static-cdn4-2.vigbo.tech/u169129/128930/blog/7777264/7681646/100961728/2000-syrga_dif-d75994dfcf171686c6eb190e1ab13510.jpg
rebecca-daniel,35,035-syrga_dif-5f933aa943ccace21a3b89c520d594a6.jpg,2000,1020802,https://static-cdn4-2.vigbo.tech/u169129/128930/blog/7777264/7681646/100961728/2000-syrga_dif-5f933aa943ccace21a3b89c520d594a6.jpg
rebecca-daniel,29,029-syrga_dif-d9d00ee8b37df400607e30fc84316c21.jpg,2000,615457,https://static-cdn4-2.vigbo.tech/u169129/128930/blog/7777264/7681646/100961728/2000-syrga_dif-d9d00ee8b37df400607e30fc84316c21.jpg
rebecca-daniel,36,036-syrga_dif-a7b6baa5df9362fc7f1c0a09057ec7bb.jpg,2000,552501,https://static-cdn4-2.vigbo.tech/u169129/128930/blog/7777264/7681646/100961728/2000-syrga_dif-a7b6baa5df9362fc7f1c0a09057ec7bb.jpg
rebecca-daniel,38,038-syrga_dif-0de47e97f39c504fb65df5ddc7327b66.jpg,2000,457026,https://static-cdn4-2.vigbo.tech/u169129/128930/blog/7777264/7681646/100961728/2000-syrga_dif-0de47e97f39c504fb65df5ddc7327b66.jpg
rebecca-daniel,34,034-syrga_dif-6d2d01f98ead421e354672f3613bfc19.jpg,2000,668826,https://static-cdn4-2.vigbo.tech/u169129/128930/blog/7777264/7681646/100961728/2000-syrga_dif-6d2d01f98ead421e354672f3613bfc19.jpg
rebecca-daniel,37,037-syrga_dif-a6d4d5e92c8f46b56db0fce28cc93653.jpg,2000,825901,https://static-cdn4-2.vigbo.tech/u169129/128930/blog/7777264/7681646/100961728/2000-syrga_dif-a6d4d5e92c8f46b56db0fce28cc93653.jpg
rebecca-daniel,41,041-syrga_dif-ef30db728947dc3b869b6bdb6ebf88d7.jpg,2000,791566,https://static-cdn4-2.vigbo.tech/u169129/128930/blog/7777264/7681646/100961728/2000-syrga_dif-ef30db728947dc3b869b6bdb6ebf88d7.jpg
rebecca-daniel,42,042-syrga_dif-1f587ad01a97212d6d3581a170eebead.jpg,2000,745411,https://static-cdn4-2.vigbo.tech/u169129/128930/blog/7777264/7681646/100961728/2000-syrga_dif-1f587ad01a97212d6d3581a170eebead.jpg
rebecca-daniel,43,043-syrga_dif-5100be9988741a820884fde48050696a.jpg,2000,618625,https://static-cdn4-2.vigbo.tech/u169129/128930/blog/7777264/7681646/100961728/2000-syrga_dif-5100be9988741a820884fde48050696a.jpg
rebecca-daniel,44,044-syrga_dif-9c1df93017be5aa30f8c295ba60b9775.jpg,2000,465922,https://static-cdn4-2.vigbo.tech/u169129/128930/blog/7777264/7681646/100961728/2000-syrga_dif-9c1df93017be5aa30f8c295ba60b9775.jpg
rebecca-daniel,40,040-syrga_dif-46bcb62641ca52960ecc137e9e51745a.jpg,2000,943080,https://static-cdn4-2.vigbo.tech/u169129/128930/blog/7777264/7681646/100961728/2000-syrga_dif-46bcb62641ca52960ecc137e9e51745a.jpg
rebecca-daniel,39,039-syrga_dif-f5deb3e8f9d08dd6b2eaa3ae10ed47ee.jpg,2000,904956,https://static-cdn4-2.vigbo.tech/u169129/128930/blog/7777264/7681646/100961728/2000-syrga_dif-f5deb3e8f9d08dd6b2eaa3ae10ed47ee.jpg
kayra-ciro,1,001-e14f8cedd3e4ff92a8e6eeeb0af8cf63.jpg,orig,5149945,https://static-cdn4-2.vigbo.tech/u169129/128930/blog/6663051/6434908/section/e14f8cedd3e4ff92a8e6eeeb0af8cf63.jpg
kayra-ciro,4,004-syrga_dif-afab61ca56dfc41e43d808bc3f77266f.jpg,2000,2873099,https://static-cdn4-2.vigbo.tech/u169129/128930/blog/6663051/6434907/84408024/2000-syrga_dif-afab61ca56dfc41e43d808bc3f77266f.jpg
kayra-ciro,2,002-syrga_dif-4363bb38812eedd013f8c697f3a808ac.jpg,2000,3046651,https://static-cdn4-2.vigbo.tech/u169129/128930/blog/6663051/6434907/84408024/2000-syrga_dif-4363bb38812eedd013f8c697f3a808ac.jpg
kayra-ciro,5,005-syrga_dif-3afbcb2c114cdd1559755b3fdee34bb3.jpg,2000,3480076,https://static-cdn4-2.vigbo.tech/u169129/128930/blog/6663051/6434907/84408024/2000-syrga_dif-3afbcb2c114cdd1559755b3fdee34bb3.jpg
kayra-ciro,6,006-syrga_dif-45c22ee250097e8e9bdd4a3f447b8d30.jpg,2000,3569054,https://static-cdn4-2.vigbo.tech/u169129/128930/blog/6663051/6434907/84408024/2000-syrga_dif-45c22ee250097e8e9bdd4a3f447b8d30.jpg
kayra-ciro,3,003-syrga_dif-302576910a9bd3aa74f9374f54182116.jpg,2000,3273204,https://static-cdn4-2.vigbo.tech/u169129/128930/blog/6663051/6434907/84408024/2000-syrga_dif-302576910a9bd3aa74f9374f54182116.jpg
kayra-ciro,8,008-syrga_dif-89590210b397398ad211a3b89a9b7f65.jpg,2000,3809062,https://static-cdn4-2.vigbo.tech/u169129/128930/blog/6663051/6434907/84408024/2000-syrga_dif-89590210b397398ad211a3b89a9b7f65.jpg
kayra-ciro,7,007-syrga_dif-00688daa9d20e3d1ea599d32c00e8553.jpg,2000,5449813,https://static-cdn4-2.vigbo.tech/u169129/128930/blog/6663051/6434907/84408024/2000-syrga_dif-00688daa9d20e3d1ea599d32c00e8553.jpg
kayra-ciro,9,009-syrga_dif-962919ce236a086cca6047ace9aeda0f.jpg,2000,4054624,https://static-cdn4-2.vigbo.tech/u169129/128930/blog/6663051/6434907/84408024/2000-syrga_dif-962919ce236a086cca6047ace9aeda0f.jpg
kayra-ciro,10,010-syrga_dif-0e7c9771f3f58f4b43447d1939cd097f.jpg,2000,3614778,https://static-cdn4-2.vigbo.tech/u169129/128930/blog/6663051/6434907/84408024/2000-syrga_dif-0e7c9771f3f58f4b43447d1939cd097f.jpg
kayra-ciro,14,014-syrga_dif-9bda10e02d35a03fc757ac1ef6393bb5.jpg,2000,2526992,https://static-cdn4-2.vigbo.tech/u169129/128930/blog/6663051/6434907/84408024/2000-syrga_dif-9bda10e02d35a03fc757ac1ef6393bb5.jpg
kayra-ciro,13,013-syrga_dif-6e1ff5187556c686c1f7f4d9d90e5bc1.jpg,2000,3117754,https://static-cdn4-2.vigbo.tech/u169129/128930/blog/6663051/6434907/84408024/2000-syrga_dif-6e1ff5187556c686c1f7f4d9d90e5bc1.jpg
kayra-ciro,11,011-syrga_dif-dd5c503a03c89a8a0181b3df2b8255e8.jpg,2000,3251520,https://static-cdn4-2.vigbo.tech/u169129/128930/blog/6663051/6434907/84408024/2000-syrga_dif-dd5c503a03c89a8a0181b3df2b8255e8.jpg
kayra-ciro,15,015-syrga_dif-4f13c2a13d50de6045df6f0201f12e12.jpg,2000,2460186,https://static-cdn4-2.vigbo.tech/u169129/128930/blog/6663051/6434907/84408024/2000-syrga_dif-4f13c2a13d50de6045df6f0201f12e12.jpg
kayra-ciro,16,016-syrga_dif-eb8b4068ce4b7d5dd03525d840a202e8.jpg,2000,2938799,https://static-cdn4-2.vigbo.tech/u169129/128930/blog/6663051/6434907/84408024/2000-syrga_dif-eb8b4068ce4b7d5dd03525d840a202e8.jpg
kayra-ciro,19,019-syrga_dif-f16f1bdc42a19adeb66e9755a2f98102.jpg,2000,3235657,https://static-cdn4-2.vigbo.tech/u169129/128930/blog/6663051/6434907/84408024/2000-syrga_dif-f16f1bdc42a19adeb66e9755a2f98102.jpg
kayra-ciro,12,012-syrga_dif-c58ef10ad1ccce819d17e7989bfa8ba1.jpg,2000,5120351,https://static-cdn4-2.vigbo.tech/u169129/128930/blog/6663051/6434907/84408024/2000-syrga_dif-c58ef10ad1ccce819d17e7989bfa8ba1.jpg
kayra-ciro,20,020-syrga_dif-3f78bb338d3697f9602458ff1de49aa6.jpg,2000,2293015,https://static-cdn4-2.vigbo.tech/u169129/128930/blog/6663051/6434907/84408024/2000-syrga_dif-3f78bb338d3697f9602458ff1de49aa6.jpg
kayra-ciro,18,018-syrga_dif-da208255ed242ee6ed58f26b23820808.jpg,2000,3053357,https://static-cdn4-2.vigbo.tech/u169129/128930/blog/6663051/6434907/84408024/2000-syrga_dif-da208255ed242ee6ed58f26b23820808.jpg
kayra-ciro,23,023-syrga_dif-197ca8d4ab653199b6dbe3a53eee0113.jpg,2000,2688927,https://static-cdn4-2.vigbo.tech/u169129/128930/blog/6663051/6434907/84408024/2000-syrga_dif-197ca8d4ab653199b6dbe3a53eee0113.jpg
kayra-ciro,22,022-syrga_dif-b60410534535f6c1378e1bacb7d62a18.jpg,2000,3604974,https://static-cdn4-2.vigbo.tech/u169129/128930/blog/6663051/6434907/84408024/2000-syrga_dif-b60410534535f6c1378e1bacb7d62a18.jpg
kayra-ciro,24,024-syrga_dif-9e746822d689c5b24f3bf16fb91bc977.jpg,2000,2223083,https://static-cdn4-2.vigbo.tech/u169129/128930/blog/6663051/6434907/84408024/2000-syrga_dif-9e746822d689c5b24f3bf16fb91bc977.jpg
kayra-ciro,17,017-syrga_dif-01f36326b464202b213b2ea9908cb500.jpg,2000,3341239,https://static-cdn4-2.vigbo.tech/u169129/128930/blog/6663051/6434907/84408024/2000-syrga_dif-01f36326b464202b213b2ea9908cb500.jpg
kayra-ciro,21,021-syrga_dif-96e1615c8c6406a9a7db03ef77dd062d.jpg,2000,3315435,https://static-cdn4-2.vigbo.tech/u169129/128930/blog/6663051/6434907/84408024/2000-syrga_dif-96e1615c8c6406a9a7db03ef77dd062d.jpg
kayra-ciro,25,025-syrga_dif-5431c03c5fd8af2f80c5aeee64879155.jpg,2000,4525655,https://static-cdn4-2.vigbo.tech/u169129/128930/blog/6663051/6434907/84408024/2000-syrga_dif-5431c03c5fd8af2f80c5aeee64879155.jpg
kayra-ciro,27,027-syrga_dif-8745be45377fcf099e6b133c04990c27.jpg,2000,3002202,https://static-cdn4-2.vigbo.tech/u169129/128930/blog/6663051/6434907/84408024/2000-syrga_dif-8745be45377fcf099e6b133c04990c27.jpg
kayra-ciro,28,028-syrga_dif-0c4076624ac66c4a0bf8c7387532b99f.jpg,2000,3509596,https://static-cdn4-2.vigbo.tech/u169129/128930/blog/6663051/6434907/84408024/2000-syrga_dif-0c4076624ac66c4a0bf8c7387532b99f.jpg
kayra-ciro,26,026-syrga_dif-f9cb35dc3952469638c51ce1d67c64bd.jpg,2000,4659861,https://static-cdn4-2.vigbo.tech/u169129/128930/blog/6663051/6434907/84408024/2000-syrga_dif-f9cb35dc3952469638c51ce1d67c64bd.jpg
kayra-ciro,29,029-syrga_dif-38c16b1199d30d9f627a5c6ba37ec1c8.jpg,2000,3781005,https://static-cdn4-2.vigbo.tech/u169129/128930/blog/6663051/6434907/84408024/2000-syrga_dif-38c16b1199d30d9f627a5c6ba37ec1c8.jpg
kayra-ciro,32,032-syrga_dif-46e56acccd03cf998dcfd454a32b4353.jpg,2000,2126884,https://static-cdn4-2.vigbo.tech/u169129/128930/blog/6663051/6434907/84408024/2000-syrga_dif-46e56acccd03cf998dcfd454a32b4353.jpg
kayra-ciro,33,033-syrga_dif-dfde4b5657b420d7bbefde70830dd926.jpg,2000,3062723,https://static-cdn4-2.vigbo.tech/u169129/128930/blog/6663051/6434907/84408024/2000-syrga_dif-dfde4b5657b420d7bbefde70830dd926.jpg
kayra-ciro,31,031-syrga_dif-4170f3dcad9493c806e8cdd5f58846b6.jpg,2000,2833152,https://static-cdn4-2.vigbo.tech/u169129/128930/blog/6663051/6434907/84408024/2000-syrga_dif-4170f3dcad9493c806e8cdd5f58846b6.jpg
kayra-ciro,35,035-syrga_dif-ecb2e6c2209f650ea581f587f52b9b2d.jpg,2000,3773551,https://static-cdn4-2.vigbo.tech/u169129/128930/blog/6663051/6434907/84408024/2000-syrga_dif-ecb2e6c2209f650ea581f587f52b9b2d.jpg
kayra-ciro,34,034-syrga_dif-3602b66e08eba33166b8a65fdfd6d8d1.jpg,2000,3413587,https://static-cdn4-2.vigbo.tech/u169129/128930/blog/6663051/6434907/84408024/2000-syrga_dif-3602b66e08eba33166b8a65fdfd6d8d1.jpg
kayra-ciro,30,030-syrga_dif-a738f0137088af6e60ec1aacd4998d6c.jpg,2000,5445860,https://static-cdn4-2.vigbo.tech/u169129/128930/blog/6663051/6434907/84408024/2000-syrga_dif-a738f0137088af6e60ec1aacd4998d6c.jpg
kayra-ciro,36,036-syrga_dif-3507641a47adf200ca483c784d4aee09.jpg,2000,3382845,https://static-cdn4-2.vigbo.tech/u169129/128930/blog/6663051/6434907/84408024/2000-syrga_dif-3507641a47adf200ca483c784d4aee09.jpg
kayra-ciro,38,038-syrga_dif-89fba580ed1d6e06ae395f253c094678.jpg,2000,3709281,https://static-cdn4-2.vigbo.tech/u169129/128930/blog/6663051/6434907/84408024/2000-syrga_dif-89fba580ed1d6e06ae395f253c094678.jpg
kayra-ciro,39,039-syrga_dif-b61204fc760ea6603dd284fbcbd3cce5.jpg,2000,2845961,https://static-cdn4-2.vigbo.tech/u169129/128930/blog/6663051/6434907/84408024/2000-syrga_dif-b61204fc760ea6603dd284fbcbd3cce5.jpg
kayra-ciro,37,037-syrga_dif-5dca1861a5b52fc900fcb24a1425ff62.jpg,2000,4915287,https://static-cdn4-2.vigbo.tech/u169129/128930/blog/6663051/6434907/84408024/2000-syrga_dif-5dca1861a5b52fc900fcb24a1425ff62.jpg
kayra-ciro,40,040-syrga_dif-0c1222317e3828c1a7d3ba85bc851f38.jpg,2000,2781355,https://static-cdn4-2.vigbo.tech/u169129/128930/blog/6663051/6434907/84408024/2000-syrga_dif-0c1222317e3828c1a7d3ba85bc851f38.jpg
kayra-ciro,42,042-syrga_dif-2f959f0da85a0c5f87aa8fb3773d3e04.jpg,2000,4317473,https://static-cdn4-2.vigbo.tech/u169129/128930/blog/6663051/6434907/84408024/2000-syrga_dif-2f959f0da85a0c5f87aa8fb3773d3e04.jpg
kayra-ciro,43,043-syrga_dif-ceb31a725477022cf639ec2999b60d6d.jpg,2000,3075675,https://static-cdn4-2.vigbo.tech/u169129/128930/blog/6663051/6434907/84408024/2000-syrga_dif-ceb31a725477022cf639ec2999b60d6d.jpg
kayra-ciro,41,041-syrga_dif-3208d8d42c4bda1b1a9126a77ba6e0e8.jpg,2000,3229303,https://static-cdn4-2.vigbo.tech/u169129/128930/blog/6663051/6434907/84408024/2000-syrga_dif-3208d8d42c4bda1b1a9126a77ba6e0e8.jpg
kayra-ciro,46,046-syrga_dif-d3b640b560ec1b5e1132039c87d16d2d.jpg,2000,1913124,https://static-cdn4-2.vigbo.tech/u169129/128930/blog/6663051/6434907/84408024/2000-syrga_dif-d3b640b560ec1b5e1132039c87d16d2d.jpg
eden-virgil,1,001-7791a002a1c13f73637784f3b1271adc.jpg,orig,2614643,https://static-cdn4-2.vigbo.tech/u169129/128930/blog/6468343/6174269/section/7791a002a1c13f73637784f3b1271adc.jpg
kayra-ciro,45,045-syrga_dif-9e70ae78d13d62e7116aed3aa035246b.jpg,2000,2992305,https://static-cdn4-2.vigbo.tech/u169129/128930/blog/6663051/6434907/84408024/2000-syrga_dif-9e70ae78d13d62e7116aed3aa035246b.jpg
eden-virgil,2,002-7100384d3754a2e8536d7088aae82167.jpg,2000,1147980,https://static-cdn4-2.vigbo.tech/u169129/128930/blog/6468343/6174268/81166896/2000-7100384d3754a2e8536d7088aae82167.jpg
kayra-ciro,44,044-syrga_dif-de2f5ccb3e79ff833a221b33c5852a0c.jpg,2000,3176127,https://static-cdn4-2.vigbo.tech/u169129/128930/blog/6663051/6434907/84408024/2000-syrga_dif-de2f5ccb3e79ff833a221b33c5852a0c.jpg
kayra-ciro,47,047-syrga_dif-202d28bc010a657e8789fe7e324f8fc2.jpg,2000,1927198,https://static-cdn4-2.vigbo.tech/u169129/128930/blog/6663051/6434907/84408024/2000-syrga_dif-202d28bc010a657e8789fe7e324f8fc2.jpg
eden-virgil,4,004-6457540d928405ccf588d0834eddab80.jpg,2000,1105042,https://static-cdn4-2.vigbo.tech/u169129/128930/blog/6468343/6174268/81166896/2000-6457540d928405ccf588d0834eddab80.jpg
eden-virgil,5,005-9647d4f9797ff0feb2c48efad9e5923a.jpg,2000,1858104,https://static-cdn4-2.vigbo.tech/u169129/128930/blog/6468343/6174268/81166896/2000-9647d4f9797ff0feb2c48efad9e5923a.jpg
eden-virgil,8,008-0c71590bcc150eaa704f7fa0de997129.jpg,2000,1773199,https://static-cdn4-2.vigbo.tech/u169129/128930/blog/6468343/6174268/81166896/2000-0c71590bcc150eaa704f7fa0de997129.jpg
eden-virgil,7,007-62280924313170741167843f0b880720.jpg,2000,2617200,https://static-cdn4-2.vigbo.tech/u169129/128930/blog/6468343/6174268/81166896/2000-62280924313170741167843f0b880720.jpg
eden-virgil,3,003-d3fb8e0752a92b75bac3b22965f79703.jpg,2000,4192885,https://static-cdn4-2.vigbo.tech/u169129/128930/blog/6468343/6174268/81166896/2000-d3fb8e0752a92b75bac3b22965f79703.jpg
eden-virgil,6,006-ad53f420ea0b3de91570fd445ff42bc8.jpg,2000,2419890,https://static-cdn4-2.vigbo.tech/u169129/128930/blog/6468343/6174268/81166896/2000-ad53f420ea0b3de91570fd445ff42bc8.jpg
eden-virgil,9,009-80faa3152b0009c89b43763e181736cb.jpg,2000,1880243,https://static-cdn4-2.vigbo.tech/u169129/128930/blog/6468343/6174268/81166896/2000-80faa3152b0009c89b43763e181736cb.jpg
eden-virgil,11,011-618144a34586ebcdc1cbe4e2a5d9ad5d.jpg,2000,1803515,https://static-cdn4-2.vigbo.tech/u169129/128930/blog/6468343/6174268/81166896/2000-618144a34586ebcdc1cbe4e2a5d9ad5d.jpg
eden-virgil,14,014-b848ee7071a602f5b542774309287373.jpg,2000,1963255,https://static-cdn4-2.vigbo.tech/u169129/128930/blog/6468343/6174268/81166896/2000-b848ee7071a602f5b542774309287373.jpg
eden-virgil,10,010-d7cef0009b5cf15f41874c4754730e34.jpg,2000,1779064,https://static-cdn4-2.vigbo.tech/u169129/128930/blog/6468343/6174268/81166896/2000-d7cef0009b5cf15f41874c4754730e34.jpg
eden-virgil,13,013-9c3bb01b6dc8483e882bdf76ed7a6ff5.jpg,2000,1956410,https://static-cdn4-2.vigbo.tech/u169129/128930/blog/6468343/6174268/81166896/2000-9c3bb01b6dc8483e882bdf76ed7a6ff5.jpg
eden-virgil,12,012-de3f0e3a9e7e35eac51d61792eb3adae.jpg,2000,2417752,https://static-cdn4-2.vigbo.tech/u169129/128930/blog/6468343/6174268/81166896/2000-de3f0e3a9e7e35eac51d61792eb3adae.jpg
eden-virgil,15,015-c6f01355235f866b3bdd0f2f8d04f298.jpg,2000,3429894,https://static-cdn4-2.vigbo.tech/u169129/128930/blog/6468343/6174268/81166896/2000-c6f01355235f866b3bdd0f2f8d04f298.jpg
eden-virgil,16,016-a992782f6c8735b2e73d667e86441bfe.jpg,2000,2955187,https://static-cdn4-2.vigbo.tech/u169129/128930/blog/6468343/6174268/81166896/2000-a992782f6c8735b2e73d667e86441bfe.jpg
eden-virgil,17,017-aa78f45b0fbb2e64af8540a64d00dd15.jpg,2000,2463859,https://static-cdn4-2.vigbo.tech/u169129/128930/blog/6468343/6174268/81166896/2000-aa78f45b0fbb2e64af8540a64d00dd15.jpg
eden-virgil,20,020-fd4ce8b013ba70047ccc8ac6cf188eef.jpg,2000,3857331,https://static-cdn4-2.vigbo.tech/u169129/128930/blog/6468343/6174268/81166896/2000-fd4ce8b013ba70047ccc8ac6cf188eef.jpg
eden-virgil,19,019-adf6a7b1dd631090942cec3b5cffec50.jpg,2000,2588959,https://static-cdn4-2.vigbo.tech/u169129/128930/blog/6468343/6174268/81166896/2000-adf6a7b1dd631090942cec3b5cffec50.jpg
eden-virgil,21,021-8e952d2a8b21e7627d09801340ac43bf.jpg,2000,1896014,https://static-cdn4-2.vigbo.tech/u169129/128930/blog/6468343/6174268/81166896/2000-8e952d2a8b21e7627d09801340ac43bf.jpg
eden-virgil,18,018-26f47f53450399d9ef79d43ad566bf50.jpg,2000,2111346,https://static-cdn4-2.vigbo.tech/u169129/128930/blog/6468343/6174268/81166896/2000-26f47f53450399d9ef79d43ad566bf50.jpg
eden-virgil,22,022-3adca4a655f084b6c3334023df5b7ee4.jpg,2000,2186018,https://static-cdn4-2.vigbo.tech/u169129/128930/blog/6468343/6174268/81166896/2000-3adca4a655f084b6c3334023df5b7ee4.jpg
eden-virgil,23,023-46974e9d22652e44e8a47b9cd81bdcc3.jpg,2000,2111832,https://static-cdn4-2.vigbo.tech/u169129/128930/blog/6468343/6174268/81166896/2000-46974e9d22652e44e8a47b9cd81bdcc3.jpg
eden-virgil,25,025-54508d6670452a1695fcf5094e1a3ba7.jpg,2000,2514313,https://static-cdn4-2.vigbo.tech/u169129/128930/blog/6468343/6174268/81166896/2000-54508d6670452a1695fcf5094e1a3ba7.jpg
eden-virgil,24,024-2d3710dbe8cf0b219bf7971dbc1437f7.jpg,2000,2235782,https://static-cdn4-2.vigbo.tech/u169129/128930/blog/6468343/6174268/81166896/2000-2d3710dbe8cf0b219bf7971dbc1437f7.jpg
eden-virgil,26,026-297d08015a219bdd2020ad6ab85d1f12.jpg,2000,2670993,https://static-cdn4-2.vigbo.tech/u169129/128930/blog/6468343/6174268/81166896/2000-297d08015a219bdd2020ad6ab85d1f12.jpg
eden-virgil,28,028-7895e562d1ca1590c616e39d8b109b72.jpg,2000,2580327,https://static-cdn4-2.vigbo.tech/u169129/128930/blog/6468343/6174268/81166896/2000-7895e562d1ca1590c616e39d8b109b72.jpg
kelly-camille,1,001-c70b661892d18c4cadaf45e265d585ff.jpg,orig,2654743,https://static-cdn4-2.vigbo.tech/u169129/128930/blog/6454538/6155940/section/c70b661892d18c4cadaf45e265d585ff.jpg
eden-virgil,30,030-90021487362055f8edd584b19956e4ef.jpg,2000,2889121,https://static-cdn4-2.vigbo.tech/u169129/128930/blog/6468343/6174268/81166896/2000-90021487362055f8edd584b19956e4ef.jpg
kelly-camille,2,002-c65314de4e92c5dc97194a0df85a0fff.jpg,2000,2293179,https://static-cdn4-2.vigbo.tech/u169129/128930/blog/6454538/6155939/80923776/2000-c65314de4e92c5dc97194a0df85a0fff.jpg
kelly-camille,3,003-3a26e9a7bdf042b74e45d477f06f26df.jpg,2000,2654743,https://static-cdn4-2.vigbo.tech/u169129/128930/blog/6454538/6155939/80923776/2000-3a26e9a7bdf042b74e45d477f06f26df.jpg
eden-virgil,29,029-dcdd448ac0a6b721c5be59bd6555c731.jpg,2000,2075305,https://static-cdn4-2.vigbo.tech/u169129/128930/blog/6468343/6174268/81166896/2000-dcdd448ac0a6b721c5be59bd6555c731.jpg
eden-virgil,27,027-1b6afadf9e9bf54f23ee975c4b212fa8.jpg,2000,2614643,https://static-cdn4-2.vigbo.tech/u169129/128930/blog/6468343/6174268/81166896/2000-1b6afadf9e9bf54f23ee975c4b212fa8.jpg
kelly-camille,4,004-62683562dd4d4d0f598e9d28fac28638.jpg,2000,2557184,https://static-cdn4-2.vigbo.tech/u169129/128930/blog/6454538/6155939/80923776/2000-62683562dd4d4d0f598e9d28fac28638.jpg
kelly-camille,6,006-45d143cc14057a546442851d75b9cd79.jpg,2000,2765529,https://static-cdn4-2.vigbo.tech/u169129/128930/blog/6454538/6155939/80923776/2000-45d143cc14057a546442851d75b9cd79.jpg
kelly-camille,5,005-5eb73b5819883fe8e224fdf077feae84.jpg,2000,2699877,https://static-cdn4-2.vigbo.tech/u169129/128930/blog/6454538/6155939/80923776/2000-5eb73b5819883fe8e224fdf077feae84.jpg
kelly-camille,7,007-864b5f5c75ad48675d3e50ec4dc33114.jpg,2000,2645072,https://static-cdn4-2.vigbo.tech/u169129/128930/blog/6454538/6155939/80923776/2000-864b5f5c75ad48675d3e50ec4dc33114.jpg
kelly-camille,8,008-cd9149053976dab2fc89dc813f89fa27.jpg,2000,3336871,https://static-cdn4-2.vigbo.tech/u169129/128930/blog/6454538/6155939/80923776/2000-cd9149053976dab2fc89dc813f89fa27.jpg
kelly-camille,10,010-eb032901aff09c2d04375adc841ce66e.jpg,2000,1938040,https://static-cdn4-2.vigbo.tech/u169129/128930/blog/6454538/6155939/80923776/2000-eb032901aff09c2d04375adc841ce66e.jpg
kelly-camille,9,009-77b827b3348af13de538ea02a2d147d1.jpg,2000,2857610,https://static-cdn4-2.vigbo.tech/u169129/128930/blog/6454538/6155939/80923776/2000-77b827b3348af13de538ea02a2d147d1.jpg
kelly-camille,11,011-a29d23a8c492260f8adcec9e87212ac9.jpg,2000,2348245,https://static-cdn4-2.vigbo.tech/u169129/128930/blog/6454538/6155939/80923776/2000-a29d23a8c492260f8adcec9e87212ac9.jpg
kelly-camille,12,012-f21a6cad15e1375f1083fa3ed02944ab.jpg,2000,2702715,https://static-cdn4-2.vigbo.tech/u169129/128930/blog/6454538/6155939/80923776/2000-f21a6cad15e1375f1083fa3ed02944ab.jpg
kelly-camille,14,014-dee340a1c0661afe5b2bbfebc2c77bec.jpg,2000,2311653,https://static-cdn4-2.vigbo.tech/u169129/128930/blog/6454538/6155939/80923776/2000-dee340a1c0661afe5b2bbfebc2c77bec.jpg
kelly-camille,17,017-ae3aebe593ad511669358ac585e8083c.jpg,2000,1826272,https://static-cdn4-2.vigbo.tech/u169129/128930/blog/6454538/6155939/80923776/2000-ae3aebe593ad511669358ac585e8083c.jpg
kelly-camille,15,015-a411cba2da77aa9b57042e5abb7d62f2.jpg,2000,2918187,https://static-cdn4-2.vigbo.tech/u169129/128930/blog/6454538/6155939/80923776/2000-a411cba2da77aa9b57042e5abb7d62f2.jpg
kelly-camille,13,013-5f63c0d1ef5d89283b2f069bd45a03e6.jpg,2000,2645587,https://static-cdn4-2.vigbo.tech/u169129/128930/blog/6454538/6155939/80923776/2000-5f63c0d1ef5d89283b2f069bd45a03e6.jpg
kelly-camille,19,019-4dc3f84faf08a9d93cec531f4c5a6bb0.jpg,2000,2248467,https://static-cdn4-2.vigbo.tech/u169129/128930/blog/6454538/6155939/80923776/2000-4dc3f84faf08a9d93cec531f4c5a6bb0.jpg
kelly-camille,16,016-b312540eda80cff0a8a3dd64c6db1b19.jpg,2000,3273865,https://static-cdn4-2.vigbo.tech/u169129/128930/blog/6454538/6155939/80923776/2000-b312540eda80cff0a8a3dd64c6db1b19.jpg
kelly-camille,20,020-46feafefc57103826e6578d6613d01e9.jpg,2000,2292089,https://static-cdn4-2.vigbo.tech/u169129/128930/blog/6454538/6155939/80923776/2000-46feafefc57103826e6578d6613d01e9.jpg
kelly-camille,21,021-674a48d6c88d4571f88a9e61dcf9991f.jpg,2000,3062587,https://static-cdn4-2.vigbo.tech/u169129/128930/blog/6454538/6155939/80923776/2000-674a48d6c88d4571f88a9e61dcf9991f.jpg
kelly-camille,18,018-8a491c66e3c9b2e9c435a4a61e6b97ce.jpg,2000,1565315,https://static-cdn4-2.vigbo.tech/u169129/128930/blog/6454538/6155939/80923776/2000-8a491c66e3c9b2e9c435a4a61e6b97ce.jpg
kelly-camille,22,022-c9f7eba003c447ff2ffd27bdd75f070a.jpg,2000,3089517,https://static-cdn4-2.vigbo.tech/u169129/128930/blog/6454538/6155939/80923776/2000-c9f7eba003c447ff2ffd27bdd75f070a.jpg
kelly-camille,24,024-bc08b5f11f149c4910237f9ca0aa5fd5.jpg,2000,2192201,https://static-cdn4-2.vigbo.tech/u169129/128930/blog/6454538/6155939/80923776/2000-bc08b5f11f149c4910237f9ca0aa5fd5.jpg
kelly-camille,26,026-5d6df7e178f0ea7361867a9f0bdb3728.jpg,2000,2589353,https://static-cdn4-2.vigbo.tech/u169129/128930/blog/6454538/6155939/80923776/2000-5d6df7e178f0ea7361867a9f0bdb3728.jpg
kelly-camille,23,023-003bdaa37c0b5c55db4fc1613d1865f0.jpg,2000,3062608,https://static-cdn4-2.vigbo.tech/u169129/128930/blog/6454538/6155939/80923776/2000-003bdaa37c0b5c55db4fc1613d1865f0.jpg
kelly-camille,25,025-964156a8d969ec709cfd297c7f1ce6d1.jpg,2000,5009316,https://static-cdn4-2.vigbo.tech/u169129/128930/blog/6454538/6155939/80923776/2000-964156a8d969ec709cfd297c7f1ce6d1.jpg
kelly-camille,28,028-ecbf1a84eaee5d60de39294f7e4be649.jpg,2000,2282204,https://static-cdn4-2.vigbo.tech/u169129/128930/blog/6454538/6155939/80923776/2000-ecbf1a84eaee5d60de39294f7e4be649.jpg
kelly-camille,27,027-31d7117645651336b7de9e76d78f96a9.jpg,2000,3581002,https://static-cdn4-2.vigbo.tech/u169129/128930/blog/6454538/6155939/80923776/2000-31d7117645651336b7de9e76d78f96a9.jpg
Egypte,1,001-syrga_dif-294b7d1478c116b97dedc658a84ee199.jpg,2000,2680784,https://static-cdn4-2.vigbo.tech/u169129/128930/blog/7768554/7669644/100807674/2000-syrga_dif-294b7d1478c116b97dedc658a84ee199.jpg
Egypte,3,003-syrga_dif-6147fb5b6c31dbddcff6c57d352bfd8a.jpg,2000,3192509,https://static-cdn4-2.vigbo.tech/u169129/128930/blog/7768554/7669644/100807674/2000-syrga_dif-6147fb5b6c31dbddcff6c57d352bfd8a.jpg
kelly-camille,29,029-9f8173ac2459b805cd5dc25ed78648a9.jpg,2000,3524053,https://static-cdn4-2.vigbo.tech/u169129/128930/blog/6454538/6155939/80923776/2000-9f8173ac2459b805cd5dc25ed78648a9.jpg
Egypte,4,004-syrga_dif-4a7b9dace9b867d9eb90a6359d319177.jpg,2000,4777396,https://static-cdn4-2.vigbo.tech/u169129/128930/blog/7768554/7669644/100807674/2000-syrga_dif-4a7b9dace9b867d9eb90a6359d319177.jpg
Egypte,5,005-syrga_dif-4c80fc3b9756abf8ea8fd98d0acc6d71.jpg,2000,3766398,https://static-cdn4-2.vigbo.tech/u169129/128930/blog/7768554/7669644/100807674/2000-syrga_dif-4c80fc3b9756abf8ea8fd98d0acc6d71.jpg
Egypte,2,002-syrga_dif-1990146415897f9be0ba0a4701055433.jpg,2000,5149936,https://static-cdn4-2.vigbo.tech/u169129/128930/blog/7768554/7669644/100807674/2000-syrga_dif-1990146415897f9be0ba0a4701055433.jpg
Egypte,6,006-syrga_dif-ccb9269385c0a2d5428c51b972e9a73b.jpg,2000,2123362,https://static-cdn4-2.vigbo.tech/u169129/128930/blog/7768554/7669644/100807674/2000-syrga_dif-ccb9269385c0a2d5428c51b972e9a73b.jpg
Egypte,11,011-syrga_dif-67af360b7cae33137e22d0222ecafc31.jpg,2000,1775997,https://static-cdn4-2.vigbo.tech/u169129/128930/blog/7768554/7669644/100807674/2000-syrga_dif-67af360b7cae33137e22d0222ecafc31.jpg
Egypte,8,008-syrga_dif-38b75ff04e746c1f40d70514b8cc30ee.jpg,2000,2879514,https://static-cdn4-2.vigbo.tech/u169129/128930/blog/7768554/7669644/100807674/2000-syrga_dif-38b75ff04e746c1f40d70514b8cc30ee.jpg
Egypte,9,009-syrga_dif-c33f309c5ce2bcde7027e6c9e7c9db24.jpg,2000,4393908,https://static-cdn4-2.vigbo.tech/u169129/128930/blog/7768554/7669644/100807674/2000-syrga_dif-c33f309c5ce2bcde7027e6c9e7c9db24.jpg
Egypte,7,007-syrga_dif-8399148ca1ac7e08021079d05cbab1df.jpg,2000,2987488,https://static-cdn4-2.vigbo.tech/u169129/128930/blog/7768554/7669644/100807674/2000-syrga_dif-8399148ca1ac7e08021079d05cbab1df.jpg
Egypte,10,010-syrga_dif-295a76136be69678394dfccccfce8c23.jpg,2000,4915757,https://static-cdn4-2.vigbo.tech/u169129/128930/blog/7768554/7669644/100807674/2000-syrga_dif-295a76136be69678394dfccccfce8c23.jpg
Egypte,12,012-syrga_dif-6d23e145d1a643ddc6907f11ffc52659.jpg,2000,2528016,https://static-cdn4-2.vigbo.tech/u169129/128930/blog/7768554/7669644/100807674/2000-syrga_dif-6d23e145d1a643ddc6907f11ffc52659.jpg
Egypte,13,013-syrga_dif-1d2b4a60d7259724715b98f5afcc2438.jpg,2000,2471989,https://static-cdn4-2.vigbo.tech/u169129/128930/blog/7768554/7669644/100807674/2000-syrga_dif-1d2b4a60d7259724715b98f5afcc2438.jpg
Egypte,15,015-syrga_dif-36fbb9f7002829651be5140479e089f8.jpg,2000,2791313,https://static-cdn4-2.vigbo.tech/u169129/128930/blog/7768554/7669644/100807674/2000-syrga_dif-36fbb9f7002829651be5140479e089f8.jpg
Egypte,14,014-syrga_dif-c5cac3f4a67bba400cae656a65f1a43e.jpg,2000,5762062,https://static-cdn4-2.vigbo.tech/u169129/128930/blog/7768554/7669644/100807674/2000-syrga_dif-c5cac3f4a67bba400cae656a65f1a43e.jpg
Egypte,16,016-syrga_dif-a0d1b51840c7cc5a15a66e6ee9f5e127.jpg,2000,3722876,https://static-cdn4-2.vigbo.tech/u169129/128930/blog/7768554/7669644/100807674/2000-syrga_dif-a0d1b51840c7cc5a15a66e6ee9f5e127.jpg
Egypte,17,017-syrga_dif-4af433a0c441fd0cb8554e76d4696432.jpg,2000,2134764,https://static-cdn4-2.vigbo.tech/u169129/128930/blog/7768554/7669644/100807674/2000-syrga_dif-4af433a0c441fd0cb8554e76d4696432.jpg
Egypte,18,018-syrga_dif-e909924cfcd6fb42cc0645cd2e6639bf.jpg,2000,3705889,https://static-cdn4-2.vigbo.tech/u169129/128930/blog/7768554/7669644/100807674/2000-syrga_dif-e909924cfcd6fb42cc0645cd2e6639bf.jpg
Egypte,21,021-syrga_dif-28d917fa04082482a0dade155712e0d4.jpg,2000,2933225,https://static-cdn4-2.vigbo.tech/u169129/128930/blog/7768554/7669644/100807674/2000-syrga_dif-28d917fa04082482a0dade155712e0d4.jpg
Egypte,20,020-syrga_dif-d833f690da156daee2a94f1446f7c193.jpg,2000,5026135,https://static-cdn4-2.vigbo.tech/u169129/128930/blog/7768554/7669644/100807674/2000-syrga_dif-d833f690da156daee2a94f1446f7c193.jpg
Egypte,22,022-syrga_dif-1f13fb3f07bf994b6b152832e7df58d7.jpg,2000,1889135,https://static-cdn4-2.vigbo.tech/u169129/128930/blog/7768554/7669644/100807674/2000-syrga_dif-1f13fb3f07bf994b6b152832e7df58d7.jpg
Egypte,19,019-syrga_dif-c656e317b2eb4393acc626d1c9ea3658.jpg,2000,3835647,https://static-cdn4-2.vigbo.tech/u169129/128930/blog/7768554/7669644/100807674/2000-syrga_dif-c656e317b2eb4393acc626d1c9ea3658.jpg
Egypte,23,023-syrga_dif-50db24d7c927bfd67173d1f2b109c101.jpg,2000,3592104,https://static-cdn4-2.vigbo.tech/u169129/128930/blog/7768554/7669644/100807674/2000-syrga_dif-50db24d7c927bfd67173d1f2b109c101.jpg
Egypte,25,025-syrga_dif-08bb39d5a717b9b6245f529be209ceb8.jpg,2000,2252373,https://static-cdn4-2.vigbo.tech/u169129/128930/blog/7768554/7669644/100807674/2000-syrga_dif-08bb39d5a717b9b6245f529be209ceb8.jpg
Egypte,28,028-syrga_dif-f2bbbbdba93cd243442cb78d46bc7c96.jpg,2000,5859304,https://static-cdn4-2.vigbo.tech/u169129/128930/blog/7768554/7669644/100807674/2000-syrga_dif-f2bbbbdba93cd243442cb78d46bc7c96.jpg
Egypte,26,026-syrga_dif-38f1df2ef244d65154a954973b829bfc.jpg,2000,3646792,https://static-cdn4-2.vigbo.tech/u169129/128930/blog/7768554/7669644/100807674/2000-syrga_dif-38f1df2ef244d65154a954973b829bfc.jpg
Egypte,24,024-syrga_dif-17477228aa4b009ff1f69ed2d4b556cd.jpg,2000,4667201,https://static-cdn4-2.vigbo.tech/u169129/128930/blog/7768554/7669644/100807674/2000-syrga_dif-17477228aa4b009ff1f69ed2d4b556cd.jpg
Egypte,27,027-syrga_dif-654c94f1c16425288d4982845189164f.jpg,2000,4302045,https://static-cdn4-2.vigbo.tech/u169129/128930/blog/7768554/7669644/100807674/2000-syrga_dif-654c94f1c16425288d4982845189164f.jpg
Egypte,29,029-syrga_dif-f2680479bc02031dc09505277d2365e5.jpg,2000,1654207,https://static-cdn4-2.vigbo.tech/u169129/128930/blog/7768554/7669644/100807674/2000-syrga_dif-f2680479bc02031dc09505277d2365e5.jpg
Egypte,30,030-syrga_dif-65e4193a91ccf5d3a712b5084f584435.jpg,2000,2629006,https://static-cdn4-2.vigbo.tech/u169129/128930/blog/7768554/7669644/100807674/2000-syrga_dif-65e4193a91ccf5d3a712b5084f584435.jpg
Egypte,33,033-syrga_dif-a76197919da7bf0c4fff4f40a258b7ec.jpg,2000,2128283,https://static-cdn4-2.vigbo.tech/u169129/128930/blog/7768554/7669644/100807674/2000-syrga_dif-a76197919da7bf0c4fff4f40a258b7ec.jpg
Egypte,32,032-syrga_dif-ae7d404b997a0e57136c07d4635d48a3.jpg,2000,2254050,https://static-cdn4-2.vigbo.tech/u169129/128930/blog/7768554/7669644/100807674/2000-syrga_dif-ae7d404b997a0e57136c07d4635d48a3.jpg
Egypte,36,036-syrga_dif-6362f6ffea5c54bb43e60fb3572c2862.jpg,2000,1705717,https://static-cdn4-2.vigbo.tech/u169129/128930/blog/7768554/7669644/100807674/2000-syrga_dif-6362f6ffea5c54bb43e60fb3572c2862.jpg
Egypte,34,034-syrga_dif-75a4d9505b854c0aeadbec0a24e23bbb.jpg,2000,5905894,https://static-cdn4-2.vigbo.tech/u169129/128930/blog/7768554/7669644/100807674/2000-syrga_dif-75a4d9505b854c0aeadbec0a24e23bbb.jpg
Egypte,35,035-syrga_dif-857392f624c9180f528c03e7fc5452a6.jpg,2000,3736360,https://static-cdn4-2.vigbo.tech/u169129/128930/blog/7768554/7669644/100807674/2000-syrga_dif-857392f624c9180f528c03e7fc5452a6.jpg
Egypte,31,031-syrga_dif-b9584fd93ec87eb0654606754075c980.jpg,2000,6447999,https://static-cdn4-2.vigbo.tech/u169129/128930/blog/7768554/7669644/100807674/2000-syrga_dif-b9584fd93ec87eb0654606754075c980.jpg
Egypte,38,038-syrga_dif-5d9a8491fe44994c1648e92ec9b2ca86.jpg,2000,3552284,https://static-cdn4-2.vigbo.tech/u169129/128930/blog/7768554/7669644/100807674/2000-syrga_dif-5d9a8491fe44994c1648e92ec9b2ca86.jpg
Egypte,37,037-syrga_dif-2600e5d89896dcc22ef35638bacad721.jpg,2000,4146722,https://static-cdn4-2.vigbo.tech/u169129/128930/blog/7768554/7669644/100807674/2000-syrga_dif-2600e5d89896dcc22ef35638bacad721.jpg
Egypte,40,040-syrga_dif-e94bd331774d470f2c71c0728143df88.jpg,2000,1520347,https://static-cdn4-2.vigbo.tech/u169129/128930/blog/7768554/7669644/100807674/2000-syrga_dif-e94bd331774d470f2c71c0728143df88.jpg
Egypte,39,039-syrga_dif-597beade4c770866bd824b1f6dfccd07.jpg,2000,3315707,https://static-cdn4-2.vigbo.tech/u169129/128930/blog/7768554/7669644/100807674/2000-syrga_dif-597beade4c770866bd824b1f6dfccd07.jpg
Egypte,41,041-syrga_dif-0f5fe81c73cea2e0cc4325a5556bad2f.jpg,2000,4148309,https://static-cdn4-2.vigbo.tech/u169129/128930/blog/7768554/7669644/100807674/2000-syrga_dif-0f5fe81c73cea2e0cc4325a5556bad2f.jpg
Egypte,43,043-syrga_dif-0f0f9f89f197eae3ae01757044f89647.jpg,2000,2953138,https://static-cdn4-2.vigbo.tech/u169129/128930/blog/7768554/7669644/100807674/2000-syrga_dif-0f0f9f89f197eae3ae01757044f89647.jpg
Egypte,42,042-syrga_dif-8c474836b46ad5af5a62a4cce4d7a8a2.jpg,2000,5146719,https://static-cdn4-2.vigbo.tech/u169129/128930/blog/7768554/7669644/100807674/2000-syrga_dif-8c474836b46ad5af5a62a4cce4d7a8a2.jpg
Egypte,44,044-syrga_dif-beeb18b5ba2accce683626085f1f9686.jpg,2000,2784684,https://static-cdn4-2.vigbo.tech/u169129/128930/blog/7768554/7669644/100807674/2000-syrga_dif-beeb18b5ba2accce683626085f1f9686.jpg
Egypte,49,049-syrga_dif-4a53c46fdc247df4d805394b37bc471b.jpg,2000,2247858,https://static-cdn4-2.vigbo.tech/u169129/128930/blog/7768554/7669644/100807674/2000-syrga_dif-4a53c46fdc247df4d805394b37bc471b.jpg
Egypte,45,045-syrga_dif-709b4c42e4a333078637ed4a237ac8bd.jpg,2000,6744010,https://static-cdn4-2.vigbo.tech/u169129/128930/blog/7768554/7669644/100807674/2000-syrga_dif-709b4c42e4a333078637ed4a237ac8bd.jpg
Egypte,50,050-syrga_dif-299b98f1b270aace959f79626b978011.jpg,2000,1854006,https://static-cdn4-2.vigbo.tech/u169129/128930/blog/7768554/7669644/100807674/2000-syrga_dif-299b98f1b270aace959f79626b978011.jpg
Egypte,48,048-syrga_dif-a4bcdf291228fe0162305d1764609884.jpg,2000,4479598,https://static-cdn4-2.vigbo.tech/u169129/128930/blog/7768554/7669644/100807674/2000-syrga_dif-a4bcdf291228fe0162305d1764609884.jpg
Egypte,47,047-syrga_dif-0a56550a264191ef979164d5323a9a26.jpg,2000,4146307,https://static-cdn4-2.vigbo.tech/u169129/128930/blog/7768554/7669644/100807674/2000-syrga_dif-0a56550a264191ef979164d5323a9a26.jpg
Egypte,46,046-syrga_dif-53de59d90b28d8b0c490ecf38c043b9a.jpg,2000,4625013,https://static-cdn4-2.vigbo.tech/u169129/128930/blog/7768554/7669644/100807674/2000-syrga_dif-53de59d90b28d8b0c490ecf38c043b9a.jpg
Egypte,54,054-syrga_dif-def72bb943abd70a8ccaffb51eb73069.jpg,2000,3019332,https://static-cdn4-2.vigbo.tech/u169129/128930/blog/7768554/7669644/100807674/2000-syrga_dif-def72bb943abd70a8ccaffb51eb73069.jpg
Egypte,51,051-syrga_dif-2c5a025f550c4a37c30d45987396a60e.jpg,2000,3729930,https://static-cdn4-2.vigbo.tech/u169129/128930/blog/7768554/7669644/100807674/2000-syrga_dif-2c5a025f550c4a37c30d45987396a60e.jpg
Egypte,52,052-syrga_dif-1c5f69599039ea4be7574f88b0088bd0.jpg,2000,2732824,https://static-cdn4-2.vigbo.tech/u169129/128930/blog/7768554/7669644/100807674/2000-syrga_dif-1c5f69599039ea4be7574f88b0088bd0.jpg
Egypte,53,053-syrga_dif-84f514e3beb756cf7366f3036c1e13a7.jpg,2000,3444107,https://static-cdn4-2.vigbo.tech/u169129/128930/blog/7768554/7669644/100807674/2000-syrga_dif-84f514e3beb756cf7366f3036c1e13a7.jpg
Egypte,55,055-syrga_dif-5306f9462f5ba556e6e76e83b49adaed.jpg,2000,2758054,https://static-cdn4-2.vigbo.tech/u169129/128930/blog/7768554/7669644/100807674/2000-syrga_dif-5306f9462f5ba556e6e76e83b49adaed.jpg
Egypte,56,056-syrga_dif-93bb4832e8ae34b40189ce3fd938cfdd.jpg,2000,1810614,https://static-cdn4-2.vigbo.tech/u169129/128930/blog/7768554/7669644/100807674/2000-syrga_dif-93bb4832e8ae34b40189ce3fd938cfdd.jpg
Egypte,59,059-syrga_dif-7b0129717b7d2de7f32aa454d59b15c9.jpg,2000,2655935,https://static-cdn4-2.vigbo.tech/u169129/128930/blog/7768554/7669644/100807674/2000-syrga_dif-7b0129717b7d2de7f32aa454d59b15c9.jpg
Egypte,61,061-syrga_dif-4df9cd44a8b22ade38a698b4120e0b3b.jpg,2000,4566209,https://static-cdn4-2.vigbo.tech/u169129/128930/blog/7768554/7669644/100807674/2000-syrga_dif-4df9cd44a8b22ade38a698b4120e0b3b.jpg
Egypte,62,062-syrga_dif-ac5ee65a4a6a42b7761333817391ed84.jpg,2000,2855200,https://static-cdn4-2.vigbo.tech/u169129/128930/blog/7768554/7669644/100807674/2000-syrga_dif-ac5ee65a4a6a42b7761333817391ed84.jpg
Egypte,60,060-syrga_dif-2a2806943fcd052b6d0189452edfc415.jpg,2000,4991411,https://static-cdn4-2.vigbo.tech/u169129/128930/blog/7768554/7669644/100807674/2000-syrga_dif-2a2806943fcd052b6d0189452edfc415.jpg
Egypte,57,057-syrga_dif-8ba674f6eee8e4130d1270873f3fc8fc.jpg,2000,2077340,https://static-cdn4-2.vigbo.tech/u169129/128930/blog/7768554/7669644/100807674/2000-syrga_dif-8ba674f6eee8e4130d1270873f3fc8fc.jpg
Egypte,58,058-syrga_dif-26d58fa21f7573c04d618450d8083339.jpg,2000,2937388,https://static-cdn4-2.vigbo.tech/u169129/128930/blog/7768554/7669644/100807674/2000-syrga_dif-26d58fa21f7573c04d618450d8083339.jpg
Egypte,63,063-syrga_dif-284ffec35ce94116f5e53154dec37d97.jpg,2000,3280975,https://static-cdn4-2.vigbo.tech/u169129/128930/blog/7768554/7669644/100807674/2000-syrga_dif-284ffec35ce94116f5e53154dec37d97.jpg
Egypte,65,065-syrga_dif-a4c5e3a2851b4f40dc7571c1330afced.jpg,2000,3146948,https://static-cdn4-2.vigbo.tech/u169129/128930/blog/7768554/7669644/100807674/2000-syrga_dif-a4c5e3a2851b4f40dc7571c1330afced.jpg
Egypte,66,066-syrga_dif-d6091f1adddde4408c93ef4700f3308a.jpg,2000,3145943,https://static-cdn4-2.vigbo.tech/u169129/128930/blog/7768554/7669644/100807674/2000-syrga_dif-d6091f1adddde4408c93ef4700f3308a.jpg
Egypte,68,068-syrga_dif-14b0c2e88c9277bcd39210a72db72011.jpg,2000,2213724,https://static-cdn4-2.vigbo.tech/u169129/128930/blog/7768554/7669644/100807674/2000-syrga_dif-14b0c2e88c9277bcd39210a72db72011.jpg
Egypte,64,064-syrga_dif-878cf3c6030e7ca912e31d61ecbb16af.jpg,2000,3524652,https://static-cdn4-2.vigbo.tech/u169129/128930/blog/7768554/7669644/100807674/2000-syrga_dif-878cf3c6030e7ca912e31d61ecbb16af.jpg
Egypte,67,067-syrga_dif-9d92773f9dd56baf4f59ae0b2b1893a7.jpg,2000,2730671,https://static-cdn4-2.vigbo.tech/u169129/128930/blog/7768554/7669644/100807674/2000-syrga_dif-9d92773f9dd56baf4f59ae0b2b1893a7.jpg
Egypte,71,071-syrga_dif-6bf36a72436f96a576585abd667e1aec.jpg,2000,1721077,https://static-cdn4-2.vigbo.tech/u169129/128930/blog/7768554/7669644/100807674/2000-syrga_dif-6bf36a72436f96a576585abd667e1aec.jpg
Egypte,72,072-syrga_dif-4d315a1a85574379e27f2b518a5e0dd3.jpg,2000,3823652,https://static-cdn4-2.vigbo.tech/u169129/128930/blog/7768554/7669644/100807674/2000-syrga_dif-4d315a1a85574379e27f2b518a5e0dd3.jpg
Egypte,70,070-syrga_dif-3c9ba4c56c113798743a6d60bfd78fa8.jpg,2000,1651533,https://static-cdn4-2.vigbo.tech/u169129/128930/blog/7768554/7669644/100807674/2000-syrga_dif-3c9ba4c56c113798743a6d60bfd78fa8.jpg
Egypte,69,069-syrga_dif-a79f674e17399ceee6f24a611d02f80f.jpg,2000,3896080,https://static-cdn4-2.vigbo.tech/u169129/128930/blog/7768554/7669644/100807674/2000-syrga_dif-a79f674e17399ceee6f24a611d02f80f.jpg
Egypte,73,073-syrga_dif-bec3afbd3a881588337598351dd31ed2.jpg,2000,2996351,https://static-cdn4-2.vigbo.tech/u169129/128930/blog/7768554/7669644/100807674/2000-syrga_dif-bec3afbd3a881588337598351dd31ed2.jpg
Egypte,74,074-syrga_dif-f797f63138a1dfb64539a3d5350951e8.jpg,2000,4202047,https://static-cdn4-2.vigbo.tech/u169129/128930/blog/7768554/7669644/100807674/2000-syrga_dif-f797f63138a1dfb64539a3d5350951e8.jpg
Egypte,78,078-syrga_dif-3303f8423d000ddd695beae1003945ce.jpg,2000,4220519,https://static-cdn4-2.vigbo.tech/u169129/128930/blog/7768554/7669644/100807674/2000-syrga_dif-3303f8423d000ddd695beae1003945ce.jpg
Egypte,76,076-syrga_dif-9cac050c16ae94705c1cf238d748ad7d.jpg,2000,7219933,https://static-cdn4-2.vigbo.tech/u169129/128930/blog/7768554/7669644/100807674/2000-syrga_dif-9cac050c16ae94705c1cf238d748ad7d.jpg
Egypte,77,077-syrga_dif-04db95a55ec173e62c06437eb22ba326.jpg,2000,7982955,https://static-cdn4-2.vigbo.tech/u169129/128930/blog/7768554/7669644/100807674/2000-syrga_dif-04db95a55ec173e62c06437eb22ba326.jpg
Egypte,75,075-syrga_dif-1db8bcb8b871a651e056becdabb611b5.jpg,2000,3567150,https://static-cdn4-2.vigbo.tech/u169129/128930/blog/7768554/7669644/100807674/2000-syrga_dif-1db8bcb8b871a651e056becdabb611b5.jpg
Egypte,79,079-syrga_dif-936ac4c2899c11446c82b09b8c1cc848.jpg,2000,6168228,https://static-cdn4-2.vigbo.tech/u169129/128930/blog/7768554/7669644/100807674/2000-syrga_dif-936ac4c2899c11446c82b09b8c1cc848.jpg
Egypte,80,080-syrga_dif-f29ad465268380a12e7bb03de258cb33.jpg,2000,9662222,https://static-cdn4-2.vigbo.tech/u169129/128930/blog/7768554/7669644/100807674/2000-syrga_dif-f29ad465268380a12e7bb03de258cb33.jpg
Egypte,81,081-syrga_dif-92a4424c7a02f9bb13afcc9696facdc6.jpg,2000,8126641,https://static-cdn4-2.vigbo.tech/u169129/128930/blog/7768554/7669644/100807674/2000-syrga_dif-92a4424c7a02f9bb13afcc9696facdc6.jpg
Egypte,82,082-syrga_dif-ce6723ba57de0092e2e2aabfea28f544.jpg,2000,8863135,https://static-cdn4-2.vigbo.tech/u169129/128930/blog/7768554/7669644/100807674/2000-syrga_dif-ce6723ba57de0092e2e2aabfea28f544.jpg
Egypte,83,083-syrga_dif-8b3fde962899f49c4d8f2dba7465eeb2.jpg,2000,8993558,https://static-cdn4-2.vigbo.tech/u169129/128930/blog/7768554/7669644/100807674/2000-syrga_dif-8b3fde962899f49c4d8f2dba7465eeb2.jpg
Egypte,85,085-syrga_dif-915d5407b5fd91bfd82ee5941c878802.jpg,2000,4533554,https://static-cdn4-2.vigbo.tech/u169129/128930/blog/7768554/7669644/100807674/2000-syrga_dif-915d5407b5fd91bfd82ee5941c878802.jpg
Egypte,84,084-syrga_dif-45fa1dbb1138a789d0c455b38cd8e054.jpg,2000,7722014,https://static-cdn4-2.vigbo.tech/u169129/128930/blog/7768554/7669644/100807674/2000-syrga_dif-45fa1dbb1138a789d0c455b38cd8e054.jpg